[0.000000] (-) TimerEvent: {}
[0.000181] (rb_chassis) JobQueued: {'identifier': 'rb_chassis', 'dependencies': OrderedDict()}
[0.000215] (rb_msgs) JobQueued: {'identifier': 'rb_msgs', 'dependencies': OrderedDict()}
[0.000235] (rb_launcher) JobQueued: {'identifier': 'rb_launcher', 'dependencies': OrderedDict([('rb_msgs', '/home/user/robocup_basketball_ws/install/rb_msgs')])}
[0.000256] (rb_localization) JobQueued: {'identifier': 'rb_localization', 'dependencies': OrderedDict([('rb_msgs', '/home/user/robocup_basketball_ws/install/rb_msgs')])}
[0.000274] (rb_mission) JobQueued: {'identifier': 'rb_mission', 'dependencies': OrderedDict([('rb_msgs', '/home/user/robocup_basketball_ws/install/rb_msgs')])}
[0.000291] (rb_perception) JobQueued: {'identifier': 'rb_perception', 'dependencies': OrderedDict([('rb_msgs', '/home/user/robocup_basketball_ws/install/rb_msgs')])}
[0.000308] (rb_bringup) JobQueued: {'identifier': 'rb_bringup', 'dependencies': OrderedDict([('rb_chassis', '/home/user/robocup_basketball_ws/install/rb_chassis'), ('rb_msgs', '/home/user/robocup_basketball_ws/install/rb_msgs'), ('rb_launcher', '/home/user/robocup_basketball_ws/install/rb_launcher'), ('rb_localization', '/home/user/robocup_basketball_ws/install/rb_localization'), ('rb_mission', '/home/user/robocup_basketball_ws/install/rb_mission'), ('rb_perception', '/home/user/robocup_basketball_ws/install/rb_perception')])}
[0.000330] (rb_msgs) JobStarted: {'identifier': 'rb_msgs'}
[0.002791] (rb_chassis) JobStarted: {'identifier': 'rb_chassis'}
[0.004569] (rb_msgs) JobProgress: {'identifier': 'rb_msgs', 'progress': 'cmake'}
[0.004787] (rb_msgs) Command: {'cmd': ['/usr/bin/cmake', '/home/user/robocup_basketball_ws/src/rb_msgs', '-DAMENT_CMAKE_SYMLINK_INSTALL=1', '-DCMAKE_INSTALL_PREFIX=/home/user/robocup_basketball_ws/install/rb_msgs'], 'cwd': '/home/user/robocup_basketball_ws/build/rb_msgs', 'env': OrderedDict([('SHLVL', '0'), ('LD_LIBRARY_PATH', '/opt/ros/humble/opt/rviz_ogre_vendor/lib:/opt/ros/humble/lib/x86_64-linux-gnu:/opt/ros/humble/lib'), ('HOME', '/home/user'), ('OLDPWD', '/home/user/robocup_basketball_ws'), ('ROS_PYTHON_VERSION', '3'), ('LC_CTYPE', 'C.UTF-8'), ('ROS_DISTRO', 'humble'), ('_', '/usr/bin/colcon'), ('ROS_VERSION', '2'), ('TERM', 'dumb'), ('ROS_LOCALHOST_ONLY', '0'), ('PATH', '/opt/ros/humble/bin:/usr/local/bin:/usr/bin:/bin'), ('AMENT_PREFIX_PATH', '/opt/ros/humble'), ('PWD', '/home/user/robocup_basketball_ws/build/rb_msgs'), ('PYTHONPATH', '/opt/ros/humble/lib/python3.10/site-packages:/opt/ros/humble/local/lib/python3.10/dist-packages'), ('COLCON', '1'), ('CMAKE_PREFIX_PATH', '/opt/ros/humble')]), 'shell': False}
[0.005824] (rb_chassis) JobProgress: {'identifier': 'rb_chassis', 'progress': 'cmake'}
[0.005986] (rb_chassis) JobProgress: {'identifier': 'rb_chassis', 'progress': 'build'}
[0.006514] (rb_chassis) Command: {'cmd': ['/usr/bin/cmake', '--build', '/home/user/robocup_basketball_ws/build/rb_chassis', '--', '-j16', '-l16'], 'cwd': '/home/user/robocup_basketball_ws/build/rb_chassis', 'env': OrderedDict([('SHLVL', '0'), ('LD_LIBRARY_PATH', '/opt/ros/humble/opt/rviz_ogre_vendor/lib:/opt/ros/humble/lib/x86_64-linux-gnu:/opt/ros/humble/lib'), ('HOME', '/home/user'), ('OLDPWD', '/home/user/robocup_basketball_ws'), ('ROS_PYTHON_VERSION', '3'), ('LC_CTYPE', 'C.UTF-8'), ('ROS_DISTRO', 'humble'), ('_', '/usr/bin/colcon'), ('ROS_VERSION', '2'), ('TERM', 'dumb'), ('ROS_LOCALHOST_ONLY', '0'), ('PATH', '/opt/ros/humble/bin:/usr/local/bin:/usr/bin:/bin'), ('AMENT_PREFIX_PATH', '/opt/ros/humble'), ('PWD', '/home/user/robocup_basketball_ws/build/rb_chassis'), ('PYTHONPATH', '/opt/ros/humble/lib/python3.10/site-packages:/opt/ros/humble/local/lib/python3.10/dist-packages'), ('COLCON', '1'), ('CMAKE_PREFIX_PATH', '/opt/ros/humble')]), 'shell': False}
[0.050877] (rb_msgs) StdoutLine: {'line': b'-- The C compiler identification is GNU 11.4.0\n'}
[0.051966] (rb_chassis) StdoutLine: {'line': b'[ 33%] Built target base_chassis\n'}
[0.073795] (rb_chassis) StdoutLine: {'line': b'[ 66%] Built target omni_chassis\n'}
[0.090718] (rb_msgs) StdoutLine: {'line': b'-- The CXX compiler identification is GNU 11.4.0\n'}
[0.095980] (rb_chassis) StdoutLine: {'line': b'[100%] Built target rb_chassis_node\n'}
[0.096091] (rb_msgs) StdoutLine: {'line': b'-- Detecting C compiler ABI info\n'}
[0.099428] (-) TimerEvent: {}
[0.103810] (rb_chassis) CommandEnded: {'returncode': 0}
[0.104204] (rb_chassis) JobProgress: {'identifier': 'rb_chassis', 'progress': 'install'}
[0.111950] (rb_chassis) Command: {'cmd': ['/usr/bin/cmake', '--install', '/home/user/robocup_basketball_ws/build/rb_chassis'], 'cwd': '/home/user/robocup_basketball_ws/build/rb_chassis', 'env': OrderedDict([('SHLVL', '0'), ('LD_LIBRARY_PATH', '/opt/ros/humble/opt/rviz_ogre_vendor/lib:/opt/ros/humble/lib/x86_64-linux-gnu:/opt/ros/humble/lib'), ('HOME', '/home/user'), ('OLDPWD', '/home/user/robocup_basketball_ws'), ('ROS_PYTHON_VERSION', '3'), ('LC_CTYPE', 'C.UTF-8'), ('ROS_DISTRO', 'humble'), ('_', '/usr/bin/colcon'), ('ROS_VERSION', '2'), ('TERM', 'dumb'), ('ROS_LOCALHOST_ONLY', '0'), ('PATH', '/opt/ros/humble/bin:/usr/local/bin:/usr/bin:/bin'), ('AMENT_PREFIX_PATH', '/opt/ros/humble'), ('PWD', '/home/user/robocup_basketball_ws/build/rb_chassis'), ('PYTHONPATH', '/opt/ros/humble/lib/python3.10/site-packages:/opt/ros/humble/local/lib/python3.10/dist-packages'), ('COLCON', '1'), ('CMAKE_PREFIX_PATH', '/opt/ros/humble')]), 'shell': False}
[0.117796] (rb_chassis) StdoutLine: {'line': b'-- Install configuration: ""\n'}
[0.117962] (rb_chassis) StdoutLine: {'line': b'-- Execute custom install script\n'}
[0.118060] (rb_chassis) StdoutLine: {'line': b'-- Up-to-date symlink: /home/user/robocup_basketball_ws/install/rb_chassis/lib/libbase_chassis.a\n'}
[0.118151] (rb_chassis) StdoutLine: {'line': b'-- Up-to-date symlink: /home/user/robocup_basketball_ws/install/rb_chassis/lib/libomni_chassis.a\n'}
[0.118232] (rb_chassis) StdoutLine: {'line': b'-- Up-to-date symlink: /home/user/robocup_basketball_ws/install/rb_chassis/lib/rb_chassis/rb_chassis_node\n'}
[0.118361] (rb_chassis) StdoutLine: {'line': b'-- Up-to-date symlink: /home/user/robocup_basketball_ws/install/rb_chassis/include/chassis_lib/base_chassis.h\n'}
[0.118455] (rb_chassis) StdoutLine: {'line': b'-- Up-to-date symlink: /home/user/robocup_basketball_ws/install/rb_chassis/include/chassis_lib/omni_chassis.h\n'}
[0.118526] (rb_chassis) StdoutLine: {'line': b'-- Up-to-date symlink: /home/user/robocup_basketball_ws/install/rb_chassis/include/utils/utils.h\n'}
[0.118612] (rb_chassis) StdoutLine: {'line': b'-- Up-to-date symlink: /home/user/robocup_basketball_ws/install/rb_chassis/share/rb_chassis/launch/chassis.launch.py\n'}
[0.118691] (rb_chassis) StdoutLine: {'line': b'-- Up-to-date symlink: /home/user/robocup_basketball_ws/install/rb_chassis/share/rb_chassis/config/chassis.yaml\n'}
[0.118770] (rb_chassis) StdoutLine: {'line': b'-- Up-to-date symlink: /home/user/robocup_basketball_ws/install/rb_chassis/share/rb_chassis/environment/library_path.sh\n'}
[0.118847] (rb_chassis) StdoutLine: {'line': b'-- Up-to-date symlink: /home/user/robocup_basketball_ws/install/rb_chassis/share/rb_chassis/environment/library_path.dsv\n'}
[0.118929] (rb_chassis) StdoutLine: {'line': b'-- Up-to-date symlink: /home/user/robocup_basketball_ws/install/rb_chassis/share/ament_index/resource_index/package_run_dependencies/rb_chassis\n'}
[0.119013] (rb_chassis) StdoutLine: {'line': b'-- Up-to-date symlink: /home/user/robocup_basketball_ws/install/rb_chassis/share/ament_index/resource_index/parent_prefix_path/rb_chassis\n'}
[0.119072] (rb_chassis) StdoutLine: {'line': b'-- Up-to-date symlink: /home/user/robocup_basketball_ws/install/rb_chassis/share/rb_chassis/environment/ament_prefix_path.sh\n'}
[0.119162] (rb_chassis) StdoutLine: {'line': b'-- Up-to-date symlink: /home/user/robocup_basketball_ws/install/rb_chassis/share/rb_chassis/environment/ament_prefix_path.dsv\n'}
[0.119220] (rb_chassis) StdoutLine: {'line': b'-- Up-to-date symlink: /home/user/robocup_basketball_ws/install/rb_chassis/share/rb_chassis/environment/path.sh\n'}
[0.119304] (rb_chassis) StdoutLine: {'line': b'-- Up-to-date symlink: /home/user/robocup_basketball_ws/install/rb_chassis/share/rb_chassis/environment/path.dsv\n'}
[0.119375] (rb_chassis) StdoutLine: {'line': b'-- Up-to-date symlink: /home/user/robocup_basketball_ws/install/rb_chassis/share/rb_chassis/local_setup.bash\n'}
[0.119498] (rb_chassis) StdoutLine: {'line': b'-- Up-to-date symlink: /home/user/robocup_basketball_ws/install/rb_chassis/share/rb_chassis/local_setup.sh\n'}
[0.119667] (rb_chassis) StdoutLine: {'line': b'-- Up-to-date symlink: /home/user/robocup_basketball_ws/install/rb_chassis/share/rb_chassis/local_setup.zsh\n'}
[0.119742] (rb_chassis) StdoutLine: {'line': b'-- Up-to-date symlink: /home/user/robocup_basketball_ws/install/rb_chassis/share/rb_chassis/local_setup.dsv\n'}
[0.119803] (rb_chassis) StdoutLine: {'line': b'-- Up-to-date symlink: /home/user/robocup_basketball_ws/install/rb_chassis/share/rb_chassis/package.dsv\n'}
[0.119862] (rb_chassis) StdoutLine: {'line': b'-- Up-to-date symlink: /home/user/robocup_basketball_ws/install/rb_chassis/share/ament_index/resource_index/packages/rb_chassis\n'}
[0.119918] (rb_chassis) StdoutLine: {'line': b'-- Up-to-date symlink: /home/user/robocup_basketball_ws/install/rb_chassis/share/rb_chassis/cmake/ament_cmake_export_include_directories-extras.cmake\n'}
[0.119975] (rb_chassis) StdoutLine: {'line': b'-- Up-to-date symlink: /home/user/robocup_basketball_ws/install/rb_chassis/share/rb_chassis/cmake/ament_cmake_export_libraries-extras.cmake\n'}
[0.120149] (rb_chassis) StdoutLine: {'line': b'-- Up-to-date symlink: /home/user/robocup_basketball_ws/install/rb_chassis/share/rb_chassis/cmake/ament_cmake_export_dependencies-extras.cmake\n'}
[0.120205] (rb_chassis) StdoutLine: {'line': b'-- Up-to-date symlink: /home/user/robocup_basketball_ws/install/rb_chassis/share/rb_chassis/cmake/rb_chassisConfig.cmake\n'}
[0.120267] (rb_chassis) StdoutLine: {'line': b'-- Up-to-date symlink: /home/user/robocup_basketball_ws/install/rb_chassis/share/rb_chassis/cmake/rb_chassisConfig-version.cmake\n'}
[0.120324] (rb_chassis) StdoutLine: {'line': b'-- Up-to-date symlink: /home/user/robocup_basketball_ws/install/rb_chassis/share/rb_chassis/package.xml\n'}
[0.120775] (rb_chassis) CommandEnded: {'returncode': 0}
[0.136841] (rb_chassis) JobEnded: {'identifier': 'rb_chassis', 'rc': 0}
[0.142529] (rb_msgs) StdoutLine: {'line': b'-- Detecting C compiler ABI info - done\n'}
[0.147716] (rb_msgs) StdoutLine: {'line': b'-- Check for working C compiler: /usr/bin/cc - skipped\n'}
[0.147835] (rb_msgs) StdoutLine: {'line': b'-- Detecting C compile features\n'}
[0.147991] (rb_msgs) StdoutLine: {'line': b'-- Detecting C compile features - done\n'}
[0.149759] (rb_msgs) StdoutLine: {'line': b'-- Detecting CXX compiler ABI info\n'}
[0.199488] (-) TimerEvent: {}
[0.208229] (rb_msgs) StdoutLine: {'line': b'-- Detecting CXX compiler ABI info - done\n'}
[0.213354] (rb_msgs) StdoutLine: {'line': b'-- Check for working CXX compiler: /usr/bin/c++ - skipped\n'}
[0.213491] (rb_msgs) StdoutLine: {'line': b'-- Detecting CXX compile features\n'}
[0.213730] (rb_msgs) StdoutLine: {'line': b'-- Detecting CXX compile features - done\n'}
[0.214815] (rb_msgs) StdoutLine: {'line': b'-- Found ament_cmake: 1.3.11 (/opt/ros/humble/share/ament_cmake/cmake)\n'}
[0.299698] (-) TimerEvent: {}
[0.319539] (rb_msgs) StdoutLine: {'line': b'-- Found Python3: /usr/bin/python3 (found version "3.10.12") found components: Interpreter \n'}
[0.356192] (rb_msgs) StdoutLine: {'line': b'-- Override CMake install command with custom implementation using symlinks instead of copying resources\n'}
[0.368332] (rb_msgs) StdoutLine: {'line': b'-- Found rosidl_default_generators: 1.2.0 (/opt/ros/humble/share/rosidl_default_generators/cmake)\n'}
[0.369544] (rb_msgs) StdoutLine: {'line': b'-- Using all available rosidl_typesupport_c: rosidl_typesupport_fastrtps_c;rosidl_typesupport_introspection_c\n'}
[0.372112] (rb_msgs) StdoutLine: {'line': b'-- Found rosidl_adapter: 3.1.6 (/opt/ros/humble/share/rosidl_adapter/cmake)\n'}
[0.391942] (rb_msgs) StdoutLine: {'line': b'-- Using all available rosidl_typesupport_cpp: rosidl_typesupport_fastrtps_cpp;rosidl_typesupport_introspection_cpp\n'}
[0.399918] (-) TimerEvent: {}
[0.408447] (rb_msgs) StdoutLine: {'line': b'-- Found std_msgs: 4.8.0 (/opt/ros/humble/share/std_msgs/cmake)\n'}
[0.421876] (rb_msgs) StdoutLine: {'line': b'-- Found geometry_msgs: 4.8.0 (/opt/ros/humble/share/geometry_msgs/cmake)\n'}
[0.500124] (-) TimerEvent: {}
[0.600394] (-) TimerEvent: {}
[0.619887] (rb_msgs) StdoutLine: {'line': b'-- Found ament_cmake_ros: 0.10.0 (/opt/ros/humble/share/ament_cmake_ros/cmake)\n'}
[0.700635] (-) TimerEvent: {}
[0.776646] (rb_msgs) StdoutLine: {'line': b'-- Using all available rosidl_typesupport_c: rosidl_typesupport_fastrtps_c;rosidl_typesupport_introspection_c\n'}
[0.800850] (-) TimerEvent: {}
[0.901135] (-) TimerEvent: {}
[0.985785] (rb_msgs) StdoutLine: {'line': b'-- Using all available rosidl_typesupport_cpp: rosidl_typesupport_fastrtps_cpp;rosidl_typesupport_introspection_cpp\n'}
[1.000537] (rb_msgs) StdoutLine: {'line': b'-- Found PythonInterp: /usr/bin/python3 (found suitable version "3.10.12", minimum required is "3.6") \n'}
[1.001011] (rb_msgs) StdoutLine: {'line': b'-- Found python_cmake_module: 0.10.0 (/opt/ros/humble/share/python_cmake_module/cmake)\n'}
[1.001185] (-) TimerEvent: {}
[1.018746] (rb_msgs) StdoutLine: {'line': b'-- Found PythonLibs: /usr/lib/x86_64-linux-gnu/libpython3.10.so (found suitable version "3.10.12", minimum required is "3.5") \n'}
[1.018886] (rb_msgs) StdoutLine: {'line': b'-- Using PYTHON_EXECUTABLE: /usr/bin/python3\n'}
[1.018946] (rb_msgs) StdoutLine: {'line': b'-- Using PYTHON_INCLUDE_DIRS: /usr/include/python3.10\n'}
[1.018998] (rb_msgs) StdoutLine: {'line': b'-- Using PYTHON_LIBRARIES: /usr/lib/x86_64-linux-gnu/libpython3.10.so\n'}
[1.033143] (rb_msgs) StdoutLine: {'line': b'-- Found PythonExtra: .so  \n'}
[1.079417] (rb_msgs) StdoutLine: {'line': b'-- Configuring done\n'}
[1.100302] (rb_msgs) StdoutLine: {'line': b'-- Generating done\n'}
[1.101409] (-) TimerEvent: {}
[1.106518] (rb_msgs) StdoutLine: {'line': b'-- Build files have been written to: /home/user/robocup_basketball_ws/build/rb_msgs\n'}
[1.111113] (rb_msgs) CommandEnded: {'returncode': 0}
[1.111715] (rb_msgs) JobProgress: {'identifier': 'rb_msgs', 'progress': 'build'}
[1.111741] (rb_msgs) Command: {'cmd': ['/usr/bin/cmake', '--build', '/home/user/robocup_basketball_ws/build/rb_msgs', '--', '-j16', '-l16'], 'cwd': '/home/user/robocup_basketball_ws/build/rb_msgs', 'env': OrderedDict([('SHLVL', '0'), ('LD_LIBRARY_PATH', '/opt/ros/humble/opt/rviz_ogre_vendor/lib:/opt/ros/humble/lib/x86_64-linux-gnu:/opt/ros/humble/lib'), ('HOME', '/home/user'), ('OLDPWD', '/home/user/robocup_basketball_ws'), ('ROS_PYTHON_VERSION', '3'), ('LC_CTYPE', 'C.UTF-8'), ('ROS_DISTRO', 'humble'), ('_', '/usr/bin/colcon'), ('ROS_VERSION', '2'), ('TERM', 'dumb'), ('ROS_LOCALHOST_ONLY', '0'), ('PATH', '/opt/ros/humble/bin:/usr/local/bin:/usr/bin:/bin'), ('AMENT_PREFIX_PATH', '/opt/ros/humble'), ('PWD', '/home/user/robocup_basketball_ws/build/rb_msgs'), ('PYTHONPATH', '/opt/ros/humble/lib/python3.10/site-packages:/opt/ros/humble/local/lib/python3.10/dist-packages'), ('COLCON', '1'), ('CMAKE_PREFIX_PATH', '/opt/ros/humble')]), 'shell': False}
[1.143920] (rb_msgs) StdoutLine: {'line': b'[  1%] Generating C code for ROS interfaces\n'}
[1.152398] (rb_msgs) StdoutLine: {'line': b'[  2%] Generating C++ code for ROS interfaces\n'}
[1.156761] (rb_msgs) StdoutLine: {'line': b'[  2%] Built target ament_cmake_python_symlink_rb_msgs\n'}
[1.201645] (-) TimerEvent: {}
[1.296608] (rb_msgs) StdoutLine: {'line': b'running egg_info\n'}
[1.297059] (rb_msgs) StdoutLine: {'line': b'creating rb_msgs.egg-info\n'}
[1.297221] (rb_msgs) StdoutLine: {'line': b'writing rb_msgs.egg-info/PKG-INFO\n'}
[1.297285] (rb_msgs) StdoutLine: {'line': b'writing dependency_links to rb_msgs.egg-info/dependency_links.txt\n'}
[1.297402] (rb_msgs) StdoutLine: {'line': b'writing top-level names to rb_msgs.egg-info/top_level.txt\n'}
[1.297479] (rb_msgs) StdoutLine: {'line': b"writing manifest file 'rb_msgs.egg-info/SOURCES.txt'\n"}
[1.298470] (rb_msgs) StdoutLine: {'line': b"reading manifest file 'rb_msgs.egg-info/SOURCES.txt'\n"}
[1.298781] (rb_msgs) StdoutLine: {'line': b"writing manifest file 'rb_msgs.egg-info/SOURCES.txt'\n"}
[1.301742] (-) TimerEvent: {}
[1.317547] (rb_msgs) StdoutLine: {'line': b'[  2%] Built target ament_cmake_python_build_rb_msgs_egg\n'}
[1.401877] (-) TimerEvent: {}
[1.502051] (-) TimerEvent: {}
[1.602197] (-) TimerEvent: {}
[1.661410] (rb_msgs) StdoutLine: {'line': b'[  7%] Building C object CMakeFiles/rb_msgs__rosidl_generator_c.dir/rosidl_generator_c/rb_msgs/srv/detail/set_mission__functions.c.o\n'}
[1.661610] (rb_msgs) StdoutLine: {'line': b'[  7%] Building C object CMakeFiles/rb_msgs__rosidl_generator_c.dir/rosidl_generator_c/rb_msgs/srv/detail/launch__functions.c.o\n'}
[1.661694] (rb_msgs) StdoutLine: {'line': b'[  7%] Building C object CMakeFiles/rb_msgs__rosidl_generator_c.dir/rosidl_generator_c/rb_msgs/msg/detail/mission_status__functions.c.o\n'}
[1.663091] (rb_msgs) StdoutLine: {'line': b'[  8%] Building C object CMakeFiles/rb_msgs__rosidl_generator_c.dir/rosidl_generator_c/rb_msgs/msg/detail/detection__functions.c.o\n'}
[1.663255] (rb_msgs) StdoutLine: {'line': b'[  9%] Building C object CMakeFiles/rb_msgs__rosidl_generator_c.dir/rosidl_generator_c/rb_msgs/msg/detail/detection_array__functions.c.o\n'}
[1.663341] (rb_msgs) StdoutLine: {'line': b'[ 11%] Building C object CMakeFiles/rb_msgs__rosidl_generator_c.dir/rosidl_generator_c/rb_msgs/msg/detail/robot_state__functions.c.o\n'}
[1.694834] (rb_msgs) StdoutLine: {'line': b'[ 11%] Built target rb_msgs__cpp\n'}
[1.702123] (rb_msgs) StdoutLine: {'line': b'[ 12%] Generating C++ type support dispatch for ROS interfaces\n'}
[1.702288] (-) TimerEvent: {}
[1.703845] (rb_msgs) StdoutLine: {'line': b'[ 14%] Generating C++ type support for eProsima Fast-RTPS\n'}
[1.704318] (rb_msgs) StdoutLine: {'line': b'[ 15%] Generating C++ introspection for ROS interfaces\n'}
[1.720197] (rb_msgs) StdoutLine: {'line': b'[ 16%] Linking C shared library librb_msgs__rosidl_generator_c.so\n'}
[1.751730] (rb_msgs) StdoutLine: {'line': b'[ 16%] Built target rb_msgs__rosidl_generator_c\n'}
[1.761685] (rb_msgs) StdoutLine: {'line': b'[ 21%] Generating C type support dispatch for ROS interfaces\n'}
[1.761825] (rb_msgs) StdoutLine: {'line': b'[ 21%] Generating C type support for eProsima Fast-RTPS\n'}
[1.761890] (rb_msgs) StdoutLine: {'line': b'[ 21%] Generating C introspection for ROS interfaces\n'}
[1.802418] (-) TimerEvent: {}
[1.902596] (-) TimerEvent: {}
[2.002744] (-) TimerEvent: {}
[2.102905] (-) TimerEvent: {}
[2.130629] (rb_msgs) StdoutLine: {'line': b'[ 22%] Building CXX object CMakeFiles/rb_msgs__rosidl_typesupport_cpp.dir/rosidl_typesupport_cpp/rb_msgs/msg/detection_array__type_support.cpp.o\n'}
[2.130895] (rb_msgs) StdoutLine: {'line': b'[ 26%] Building CXX object CMakeFiles/rb_msgs__rosidl_typesupport_cpp.dir/rosidl_typesupport_cpp/rb_msgs/msg/robot_state__type_support.cpp.o\n'}
[2.130979] (rb_msgs) StdoutLine: {'line': b'[ 26%] Building CXX object CMakeFiles/rb_msgs__rosidl_typesupport_cpp.dir/rosidl_typesupport_cpp/rb_msgs/srv/launch__type_support.cpp.o\n'}
[2.131054] (rb_msgs) StdoutLine: {'line': b'[ 26%] Building CXX object CMakeFiles/rb_msgs__rosidl_typesupport_cpp.dir/rosidl_typesupport_cpp/rb_msgs/msg/detection__type_support.cpp.o\n'}
[2.131121] (rb_msgs) StdoutLine: {'line': b'[ 28%] Building CXX object CMakeFiles/rb_msgs__rosidl_typesupport_cpp.dir/rosidl_typesupport_cpp/rb_msgs/msg/mission_status__type_support.cpp.o\n'}
[2.131295] (rb_msgs) StdoutLine: {'line': b'[ 29%] Building CXX object CMakeFiles/rb_msgs__rosidl_typesupport_cpp.dir/rosidl_typesupport_cpp/rb_msgs/srv/set_mission__type_support.cpp.o\n'}
[2.205320] (-) TimerEvent: {}
[2.206087] (rb_msgs) StdoutLine: {'line': b'[ 30%] Building CXX object CMakeFiles/rb_msgs__rosidl_typesupport_introspection_cpp.dir/rosidl_typesupport_introspection_cpp/rb_msgs/msg/detail/detection_array__type_support.cpp.o\n'}
[2.208942] (rb_msgs) StdoutLine: {'line': b'[ 36%] Building CXX object CMakeFiles/rb_msgs__rosidl_typesupport_introspection_cpp.dir/rosidl_typesupport_introspection_cpp/rb_msgs/msg/detail/mission_status__type_support.cpp.o\n'}
[2.209231] (rb_msgs) StdoutLine: {'line': b'[ 32%] Building CXX object CMakeFiles/rb_msgs__rosidl_typesupport_introspection_cpp.dir/rosidl_typesupport_introspection_cpp/rb_msgs/msg/detail/detection__type_support.cpp.o\n'}
[2.209330] (rb_msgs) StdoutLine: {'line': b'[ 36%] Building CXX object CMakeFiles/rb_msgs__rosidl_typesupport_introspection_cpp.dir/rosidl_typesupport_introspection_cpp/rb_msgs/srv/detail/launch__type_support.cpp.o\n'}
[2.209656] (rb_msgs) StdoutLine: {'line': b'[ 38%] Building CXX object CMakeFiles/rb_msgs__rosidl_typesupport_introspection_cpp.dir/rosidl_typesupport_introspection_cpp/rb_msgs/srv/detail/set_mission__type_support.cpp.o\n'}
[2.209790] (rb_msgs) StdoutLine: {'line': b'[ 36%] Building CXX object CMakeFiles/rb_msgs__rosidl_typesupport_introspection_cpp.dir/rosidl_typesupport_introspection_cpp/rb_msgs/msg/detail/robot_state__type_support.cpp.o\n'}
[2.221295] (rb_msgs) StdoutLine: {'line': b'[ 39%] Building CXX object CMakeFiles/rb_msgs__rosidl_typesupport_c.dir/rosidl_typesupport_c/rb_msgs/msg/detection__type_support.cpp.o\n'}
[2.266758] (rb_msgs) StdoutLine: {'line': b'[ 40%] Building CXX object CMakeFiles/rb_msgs__rosidl_typesupport_c.dir/rosidl_typesupport_c/rb_msgs/msg/detection_array__type_support.cpp.o\n'}
[2.304038] (rb_msgs) StdoutLine: {'line': b'[ 42%] Building CXX object CMakeFiles/rb_msgs__rosidl_typesupport_c.dir/rosidl_typesupport_c/rb_msgs/msg/robot_state__type_support.cpp.o\n'}
[2.308526] (-) TimerEvent: {}
[2.339680] (rb_msgs) StdoutLine: {'line': b'[ 43%] Building CXX object CMakeFiles/rb_msgs__rosidl_typesupport_c.dir/rosidl_typesupport_c/rb_msgs/msg/mission_status__type_support.cpp.o\n'}
[2.379675] (rb_msgs) StdoutLine: {'line': b'[ 45%] Building CXX object CMakeFiles/rb_msgs__rosidl_typesupport_c.dir/rosidl_typesupport_c/rb_msgs/srv/launch__type_support.cpp.o\n'}
[2.382575] (rb_msgs) StdoutLine: {'line': b'[ 46%] Building CXX object CMakeFiles/rb_msgs__rosidl_typesupport_c.dir/rosidl_typesupport_c/rb_msgs/srv/set_mission__type_support.cpp.o\n'}
[2.408903] (-) TimerEvent: {}
[2.417461] (rb_msgs) StdoutLine: {'line': b'[ 47%] Linking CXX shared library librb_msgs__rosidl_typesupport_c.so\n'}
[2.458619] (rb_msgs) StdoutLine: {'line': b'[ 49%] Linking CXX shared library librb_msgs__rosidl_typesupport_cpp.so\n'}
[2.467117] (rb_msgs) StdoutLine: {'line': b'[ 49%] Built target rb_msgs__rosidl_typesupport_c\n'}
[2.504768] (rb_msgs) StdoutLine: {'line': b'[ 49%] Built target rb_msgs__rosidl_typesupport_cpp\n'}
[2.509122] (-) TimerEvent: {}
[2.516057] (rb_msgs) StdoutLine: {'line': b'[ 54%] Building CXX object CMakeFiles/rb_msgs__rosidl_typesupport_fastrtps_cpp.dir/rosidl_typesupport_fastrtps_cpp/rb_msgs/msg/detail/dds_fastrtps/robot_state__type_support.cpp.o\n'}
[2.516219] (rb_msgs) StdoutLine: {'line': b'[ 54%] Building CXX object CMakeFiles/rb_msgs__rosidl_typesupport_fastrtps_cpp.dir/rosidl_typesupport_fastrtps_cpp/rb_msgs/msg/detail/dds_fastrtps/mission_status__type_support.cpp.o\n'}
[2.516279] (rb_msgs) StdoutLine: {'line': b'[ 54%] Building CXX object CMakeFiles/rb_msgs__rosidl_typesupport_fastrtps_cpp.dir/rosidl_typesupport_fastrtps_cpp/rb_msgs/msg/detail/dds_fastrtps/detection_array__type_support.cpp.o\n'}
[2.516329] (rb_msgs) StdoutLine: {'line': b'[ 54%] Building CXX object CMakeFiles/rb_msgs__rosidl_typesupport_fastrtps_cpp.dir/rosidl_typesupport_fastrtps_cpp/rb_msgs/msg/detail/dds_fastrtps/detection__type_support.cpp.o\n'}
[2.516838] (rb_msgs) StdoutLine: {'line': b'[ 56%] Building CXX object CMakeFiles/rb_msgs__rosidl_typesupport_fastrtps_cpp.dir/rosidl_typesupport_fastrtps_cpp/rb_msgs/srv/detail/dds_fastrtps/launch__type_support.cpp.o\n'}
[2.516987] (rb_msgs) StdoutLine: {'line': b'[ 57%] Building CXX object CMakeFiles/rb_msgs__rosidl_typesupport_fastrtps_cpp.dir/rosidl_typesupport_fastrtps_cpp/rb_msgs/srv/detail/dds_fastrtps/set_mission__type_support.cpp.o\n'}
[2.609499] (-) TimerEvent: {}
[2.610175] (rb_msgs) StdoutLine: {'line': b'[ 61%] Building C object CMakeFiles/rb_msgs__rosidl_typesupport_introspection_c.dir/rosidl_typesupport_introspection_c/rb_msgs/srv/detail/launch__type_support.c.o\n'}
[2.610367] (rb_msgs) StdoutLine: {'line': b'[ 61%] Building C object CMakeFiles/rb_msgs__rosidl_typesupport_introspection_c.dir/rosidl_typesupport_introspection_c/rb_msgs/msg/detail/robot_state__type_support.c.o\n'}
[2.610458] (rb_msgs) StdoutLine: {'line': b'[ 61%] Building C object CMakeFiles/rb_msgs__rosidl_typesupport_introspection_c.dir/rosidl_typesupport_introspection_c/rb_msgs/msg/detail/mission_status__type_support.c.o\n'}
[2.613488] (rb_msgs) StdoutLine: {'line': b'[ 63%] Building C object CMakeFiles/rb_msgs__rosidl_typesupport_introspection_c.dir/rosidl_typesupport_introspection_c/rb_msgs/msg/detail/detection_array__type_support.c.o\n'}
[2.613670] (rb_msgs) StdoutLine: {'line': b'[ 64%] Building C object CMakeFiles/rb_msgs__rosidl_typesupport_introspection_c.dir/rosidl_typesupport_introspection_c/rb_msgs/msg/detail/detection__type_support.c.o\n'}
[2.618330] (rb_msgs) StdoutLine: {'line': b'[ 66%] Building C object CMakeFiles/rb_msgs__rosidl_typesupport_introspection_c.dir/rosidl_typesupport_introspection_c/rb_msgs/srv/detail/set_mission__type_support.c.o\n'}
[2.663380] (rb_msgs) StdoutLine: {'line': b'[ 67%] Linking C shared library librb_msgs__rosidl_typesupport_introspection_c.so\n'}
[2.687275] (rb_msgs) StdoutLine: {'line': b'[ 67%] Built target rb_msgs__rosidl_typesupport_introspection_c\n'}
[2.696734] (rb_msgs) StdoutLine: {'line': b'[ 69%] Building CXX object CMakeFiles/rb_msgs__rosidl_typesupport_fastrtps_c.dir/rosidl_typesupport_fastrtps_c/rb_msgs/msg/detail/detection__type_support_c.cpp.o\n'}
[2.698142] (rb_msgs) StdoutLine: {'line': b'[ 76%] Building CXX object CMakeFiles/rb_msgs__rosidl_typesupport_fastrtps_c.dir/rosidl_typesupport_fastrtps_c/rb_msgs/msg/detail/mission_status__type_support_c.cpp.o\n'}
[2.698327] (rb_msgs) StdoutLine: {'line': b'[ 76%] Building CXX object CMakeFiles/rb_msgs__rosidl_typesupport_fastrtps_c.dir/rosidl_typesupport_fastrtps_c/rb_msgs/msg/detail/detection_array__type_support_c.cpp.o\n'}
[2.698407] (rb_msgs) StdoutLine: {'line': b'[ 76%] Building CXX object CMakeFiles/rb_msgs__rosidl_typesupport_fastrtps_c.dir/rosidl_typesupport_fastrtps_c/rb_msgs/srv/detail/set_mission__type_support_c.cpp.o\n'}
[2.698498] (rb_msgs) StdoutLine: {'line': b'[ 76%] Building CXX object CMakeFiles/rb_msgs__rosidl_typesupport_fastrtps_c.dir/rosidl_typesupport_fastrtps_c/rb_msgs/srv/detail/launch__type_support_c.cpp.o\n'}
[2.698575] (rb_msgs) StdoutLine: {'line': b'[ 76%] Building CXX object CMakeFiles/rb_msgs__rosidl_typesupport_fastrtps_c.dir/rosidl_typesupport_fastrtps_c/rb_msgs/msg/detail/robot_state__type_support_c.cpp.o\n'}
[2.709612] (-) TimerEvent: {}
[2.769247] (rb_msgs) StdoutLine: {'line': b'[ 77%] Linking CXX shared library librb_msgs__rosidl_typesupport_introspection_cpp.so\n'}
[2.809730] (-) TimerEvent: {}
[2.876088] (rb_msgs) StdoutLine: {'line': b'[ 77%] Built target rb_msgs__rosidl_typesupport_introspection_cpp\n'}
[2.910665] (-) TimerEvent: {}
[3.010867] (-) TimerEvent: {}
[3.016114] (rb_msgs) StdoutLine: {'line': b'[ 78%] Linking CXX shared library librb_msgs__rosidl_typesupport_fastrtps_cpp.so\n'}
[3.070832] (rb_msgs) StdoutLine: {'line': b'[ 78%] Built target rb_msgs__rosidl_typesupport_fastrtps_cpp\n'}
[3.080188] (rb_msgs) StdoutLine: {'line': b'[ 80%] Linking CXX shared library librb_msgs__rosidl_typesupport_fastrtps_c.so\n'}
[3.110999] (-) TimerEvent: {}
[3.131962] (rb_msgs) StdoutLine: {'line': b'[ 80%] Built target rb_msgs__rosidl_typesupport_fastrtps_c\n'}
[3.148976] (rb_msgs) StdoutLine: {'line': b'[ 80%] Built target rb_msgs\n'}
[3.165104] (rb_msgs) StdoutLine: {'line': b'[ 81%] Generating Python code for ROS interfaces\n'}
[3.211124] (-) TimerEvent: {}
[3.311412] (-) TimerEvent: {}
[3.411577] (-) TimerEvent: {}
[3.511741] (-) TimerEvent: {}
[3.612022] (-) TimerEvent: {}
[3.712300] (-) TimerEvent: {}
[3.812495] (-) TimerEvent: {}
[3.912729] (-) TimerEvent: {}
[4.010898] (rb_msgs) StdoutLine: {'line': b'[ 81%] Built target rb_msgs__py\n'}
[4.012788] (-) TimerEvent: {}
[4.028039] (rb_msgs) StdoutLine: {'line': b'[ 83%] Building C object CMakeFiles/rb_msgs__rosidl_generator_py.dir/rosidl_generator_py/rb_msgs/msg/_detection_s.c.o\n'}
[4.028856] (rb_msgs) StdoutLine: {'line': b'[ 84%] Building C object CMakeFiles/rb_msgs__rosidl_generator_py.dir/rosidl_generator_py/rb_msgs/srv/_set_mission_s.c.o\n'}
[4.032640] (rb_msgs) StdoutLine: {'line': b'[ 85%] Building C object CMakeFiles/rb_msgs__rosidl_generator_py.dir/rosidl_generator_py/rb_msgs/msg/_detection_array_s.c.o\n'}
[4.033209] (rb_msgs) StdoutLine: {'line': b'[ 88%] Building C object CMakeFiles/rb_msgs__rosidl_generator_py.dir/rosidl_generator_py/rb_msgs/msg/_mission_status_s.c.o\n'}
[4.033402] (rb_msgs) StdoutLine: {'line': b'[ 88%] Building C object CMakeFiles/rb_msgs__rosidl_generator_py.dir/rosidl_generator_py/rb_msgs/msg/_robot_state_s.c.o\n'}
[4.034160] (rb_msgs) StdoutLine: {'line': b'[ 90%] Building C object CMakeFiles/rb_msgs__rosidl_generator_py.dir/rosidl_generator_py/rb_msgs/srv/_launch_s.c.o\n'}
[4.112905] (-) TimerEvent: {}
[4.135303] (rb_msgs) StdoutLine: {'line': b'[ 91%] Linking C shared library rosidl_generator_py/rb_msgs/librb_msgs__rosidl_generator_py.so\n'}
[4.164791] (rb_msgs) StdoutLine: {'line': b'[ 91%] Built target rb_msgs__rosidl_generator_py\n'}
[4.181311] (rb_msgs) StdoutLine: {'line': b'[ 92%] Building C object CMakeFiles/rb_msgs__rosidl_typesupport_c__pyext.dir/rosidl_generator_py/rb_msgs/_rb_msgs_s.ep.rosidl_typesupport_c.c.o\n'}
[4.182034] (rb_msgs) StdoutLine: {'line': b'[ 94%] Building C object CMakeFiles/rb_msgs__rosidl_typesupport_introspection_c__pyext.dir/rosidl_generator_py/rb_msgs/_rb_msgs_s.ep.rosidl_typesupport_introspection_c.c.o\n'}
[4.182443] (rb_msgs) StdoutLine: {'line': b'[ 95%] Building C object CMakeFiles/rb_msgs__rosidl_typesupport_fastrtps_c__pyext.dir/rosidl_generator_py/rb_msgs/_rb_msgs_s.ep.rosidl_typesupport_fastrtps_c.c.o\n'}
[4.213036] (-) TimerEvent: {}
[4.259688] (rb_msgs) StdoutLine: {'line': b'[ 97%] Linking C shared library rosidl_generator_py/rb_msgs/rb_msgs_s__rosidl_typesupport_introspection_c.cpython-310-x86_64-linux-gnu.so\n'}
[4.260913] (rb_msgs) StdoutLine: {'line': b'[ 98%] Linking C shared library rosidl_generator_py/rb_msgs/rb_msgs_s__rosidl_typesupport_fastrtps_c.cpython-310-x86_64-linux-gnu.so\n'}
[4.261051] (rb_msgs) StdoutLine: {'line': b'[100%] Linking C shared library rosidl_generator_py/rb_msgs/rb_msgs_s__rosidl_typesupport_c.cpython-310-x86_64-linux-gnu.so\n'}
[4.298165] (rb_msgs) StdoutLine: {'line': b'[100%] Built target rb_msgs__rosidl_typesupport_fastrtps_c__pyext\n'}
[4.298383] (rb_msgs) StdoutLine: {'line': b'[100%] Built target rb_msgs__rosidl_typesupport_c__pyext\n'}
[4.298456] (rb_msgs) StdoutLine: {'line': b'[100%] Built target rb_msgs__rosidl_typesupport_introspection_c__pyext\n'}
[4.313163] (-) TimerEvent: {}
[4.313930] (rb_msgs) CommandEnded: {'returncode': 0}
[4.314498] (rb_msgs) JobProgress: {'identifier': 'rb_msgs', 'progress': 'install'}
[4.314718] (rb_msgs) Command: {'cmd': ['/usr/bin/cmake', '--install', '/home/user/robocup_basketball_ws/build/rb_msgs'], 'cwd': '/home/user/robocup_basketball_ws/build/rb_msgs', 'env': OrderedDict([('SHLVL', '0'), ('LD_LIBRARY_PATH', '/opt/ros/humble/opt/rviz_ogre_vendor/lib:/opt/ros/humble/lib/x86_64-linux-gnu:/opt/ros/humble/lib'), ('HOME', '/home/user'), ('OLDPWD', '/home/user/robocup_basketball_ws'), ('ROS_PYTHON_VERSION', '3'), ('LC_CTYPE', 'C.UTF-8'), ('ROS_DISTRO', 'humble'), ('_', '/usr/bin/colcon'), ('ROS_VERSION', '2'), ('TERM', 'dumb'), ('ROS_LOCALHOST_ONLY', '0'), ('PATH', '/opt/ros/humble/bin:/usr/local/bin:/usr/bin:/bin'), ('AMENT_PREFIX_PATH', '/opt/ros/humble'), ('PWD', '/home/user/robocup_basketball_ws/build/rb_msgs'), ('PYTHONPATH', '/opt/ros/humble/lib/python3.10/site-packages:/opt/ros/humble/local/lib/python3.10/dist-packages'), ('COLCON', '1'), ('CMAKE_PREFIX_PATH', '/opt/ros/humble')]), 'shell': False}
[4.320317] (rb_msgs) StdoutLine: {'line': b'-- Install configuration: ""\n'}
[4.320615] (rb_msgs) StdoutLine: {'line': b'-- Execute custom install script\n'}
[4.320753] (rb_msgs) StdoutLine: {'line': b'-- Symlinking: /home/user/robocup_basketball_ws/install/rb_msgs/share/ament_index/resource_index/rosidl_interfaces/rb_msgs\n'}
[4.328491] (rb_msgs) StdoutLine: {'line': b'-- Symlinking: /home/user/robocup_basketball_ws/install/rb_msgs/include/rb_msgs/rb_msgs/msg/detail/detection__functions.h\n'}
[4.334622] (rb_msgs) StdoutLine: {'line': b'-- Symlinking: /home/user/robocup_basketball_ws/install/rb_msgs/include/rb_msgs/rb_msgs/msg/detail/detection__struct.h\n'}
[4.341836] (rb_msgs) StdoutLine: {'line': b'-- Symlinking: /home/user/robocup_basketball_ws/install/rb_msgs/include/rb_msgs/rb_msgs/msg/detail/detection__type_support.h\n'}
[4.349061] (rb_msgs) StdoutLine: {'line': b'-- Symlinking: /home/user/robocup_basketball_ws/install/rb_msgs/include/rb_msgs/rb_msgs/msg/detail/detection_array__functions.h\n'}
[4.355677] (rb_msgs) StdoutLine: {'line': b'-- Symlinking: /home/user/robocup_basketball_ws/install/rb_msgs/include/rb_msgs/rb_msgs/msg/detail/detection_array__struct.h\n'}
[4.362378] (rb_msgs) StdoutLine: {'line': b'-- Symlinking: /home/user/robocup_basketball_ws/install/rb_msgs/include/rb_msgs/rb_msgs/msg/detail/detection_array__type_support.h\n'}
[4.367718] (rb_msgs) StdoutLine: {'line': b'-- Symlinking: /home/user/robocup_basketball_ws/install/rb_msgs/include/rb_msgs/rb_msgs/msg/detail/mission_status__functions.h\n'}
[4.374254] (rb_msgs) StdoutLine: {'line': b'-- Symlinking: /home/user/robocup_basketball_ws/install/rb_msgs/include/rb_msgs/rb_msgs/msg/detail/mission_status__struct.h\n'}
[4.381220] (rb_msgs) StdoutLine: {'line': b'-- Symlinking: /home/user/robocup_basketball_ws/install/rb_msgs/include/rb_msgs/rb_msgs/msg/detail/mission_status__type_support.h\n'}
[4.388165] (rb_msgs) StdoutLine: {'line': b'-- Symlinking: /home/user/robocup_basketball_ws/install/rb_msgs/include/rb_msgs/rb_msgs/msg/detail/robot_state__functions.h\n'}
[4.394409] (rb_msgs) StdoutLine: {'line': b'-- Symlinking: /home/user/robocup_basketball_ws/install/rb_msgs/include/rb_msgs/rb_msgs/msg/detail/robot_state__struct.h\n'}
[4.399719] (rb_msgs) StdoutLine: {'line': b'-- Symlinking: /home/user/robocup_basketball_ws/install/rb_msgs/include/rb_msgs/rb_msgs/msg/detail/robot_state__type_support.h\n'}
[4.406227] (rb_msgs) StdoutLine: {'line': b'-- Symlinking: /home/user/robocup_basketball_ws/install/rb_msgs/include/rb_msgs/rb_msgs/msg/detection.h\n'}
[4.413395] (-) TimerEvent: {}
[4.413693] (rb_msgs) StdoutLine: {'line': b'-- Symlinking: /home/user/robocup_basketball_ws/install/rb_msgs/include/rb_msgs/rb_msgs/msg/detection_array.h\n'}
[4.420695] (rb_msgs) StdoutLine: {'line': b'-- Symlinking: /home/user/robocup_basketball_ws/install/rb_msgs/include/rb_msgs/rb_msgs/msg/mission_status.h\n'}
[4.427693] (rb_msgs) StdoutLine: {'line': b'-- Symlinking: /home/user/robocup_basketball_ws/install/rb_msgs/include/rb_msgs/rb_msgs/msg/robot_state.h\n'}
[4.432944] (rb_msgs) StdoutLine: {'line': b'-- Symlinking: /home/user/robocup_basketball_ws/install/rb_msgs/include/rb_msgs/rb_msgs/msg/rosidl_generator_c__visibility_control.h\n'}
[4.440962] (rb_msgs) StdoutLine: {'line': b'-- Symlinking: /home/user/robocup_basketball_ws/install/rb_msgs/include/rb_msgs/rb_msgs/srv/detail/launch__functions.h\n'}
[4.446418] (rb_msgs) StdoutLine: {'line': b'-- Symlinking: /home/user/robocup_basketball_ws/install/rb_msgs/include/rb_msgs/rb_msgs/srv/detail/launch__struct.h\n'}
[4.451751] (rb_msgs) StdoutLine: {'line': b'-- Symlinking: /home/user/robocup_basketball_ws/install/rb_msgs/include/rb_msgs/rb_msgs/srv/detail/launch__type_support.h\n'}
[4.456800] (rb_msgs) StdoutLine: {'line': b'-- Symlinking: /home/user/robocup_basketball_ws/install/rb_msgs/include/rb_msgs/rb_msgs/srv/detail/set_mission__functions.h\n'}
[4.464056] (rb_msgs) StdoutLine: {'line': b'-- Symlinking: /home/user/robocup_basketball_ws/install/rb_msgs/include/rb_msgs/rb_msgs/srv/detail/set_mission__struct.h\n'}
[4.470960] (rb_msgs) StdoutLine: {'line': b'-- Symlinking: /home/user/robocup_basketball_ws/install/rb_msgs/include/rb_msgs/rb_msgs/srv/detail/set_mission__type_support.h\n'}
[4.478030] (rb_msgs) StdoutLine: {'line': b'-- Symlinking: /home/user/robocup_basketball_ws/install/rb_msgs/include/rb_msgs/rb_msgs/srv/launch.h\n'}
[4.485415] (rb_msgs) StdoutLine: {'line': b'-- Symlinking: /home/user/robocup_basketball_ws/install/rb_msgs/include/rb_msgs/rb_msgs/srv/set_mission.h\n'}
[4.492047] (rb_msgs) StdoutLine: {'line': b'-- Symlinking: /home/user/robocup_basketball_ws/install/rb_msgs/share/rb_msgs/environment/library_path.sh\n'}
[4.497920] (rb_msgs) StdoutLine: {'line': b'-- Symlinking: /home/user/robocup_basketball_ws/install/rb_msgs/share/rb_msgs/environment/library_path.dsv\n'}
[4.504970] (rb_msgs) StdoutLine: {'line': b'-- Symlinking: /home/user/robocup_basketball_ws/install/rb_msgs/include/rb_msgs/rb_msgs/msg/detail/detection__rosidl_typesupport_fastrtps_c.h\n'}
[4.512057] (rb_msgs) StdoutLine: {'line': b'-- Symlinking: /home/user/robocup_basketball_ws/install/rb_msgs/include/rb_msgs/rb_msgs/msg/detail/detection_array__rosidl_typesupport_fastrtps_c.h\n'}
[4.513605] (-) TimerEvent: {}
[4.518912] (rb_msgs) StdoutLine: {'line': b'-- Symlinking: /home/user/robocup_basketball_ws/install/rb_msgs/include/rb_msgs/rb_msgs/msg/detail/mission_status__rosidl_typesupport_fastrtps_c.h\n'}
[4.523368] (rb_msgs) StdoutLine: {'line': b'-- Symlinking: /home/user/robocup_basketball_ws/install/rb_msgs/include/rb_msgs/rb_msgs/msg/detail/robot_state__rosidl_typesupport_fastrtps_c.h\n'}
[4.530054] (rb_msgs) StdoutLine: {'line': b'-- Symlinking: /home/user/robocup_basketball_ws/install/rb_msgs/include/rb_msgs/rb_msgs/msg/rosidl_typesupport_fastrtps_c__visibility_control.h\n'}
[4.536910] (rb_msgs) StdoutLine: {'line': b'-- Symlinking: /home/user/robocup_basketball_ws/install/rb_msgs/include/rb_msgs/rb_msgs/srv/detail/launch__rosidl_typesupport_fastrtps_c.h\n'}
[4.543184] (rb_msgs) StdoutLine: {'line': b'-- Symlinking: /home/user/robocup_basketball_ws/install/rb_msgs/include/rb_msgs/rb_msgs/srv/detail/set_mission__rosidl_typesupport_fastrtps_c.h\n'}
[4.551054] (rb_msgs) StdoutLine: {'line': b'-- Symlinking: /home/user/robocup_basketball_ws/install/rb_msgs/include/rb_msgs/rb_msgs/msg/detail/detection__rosidl_typesupport_introspection_c.h\n'}
[4.555693] (rb_msgs) StdoutLine: {'line': b'-- Symlinking: /home/user/robocup_basketball_ws/install/rb_msgs/include/rb_msgs/rb_msgs/msg/detail/detection_array__rosidl_typesupport_introspection_c.h\n'}
[4.561754] (rb_msgs) StdoutLine: {'line': b'-- Symlinking: /home/user/robocup_basketball_ws/install/rb_msgs/include/rb_msgs/rb_msgs/msg/detail/mission_status__rosidl_typesupport_introspection_c.h\n'}
[4.566812] (rb_msgs) StdoutLine: {'line': b'-- Symlinking: /home/user/robocup_basketball_ws/install/rb_msgs/include/rb_msgs/rb_msgs/msg/detail/robot_state__rosidl_typesupport_introspection_c.h\n'}
[4.571409] (rb_msgs) StdoutLine: {'line': b'-- Symlinking: /home/user/robocup_basketball_ws/install/rb_msgs/include/rb_msgs/rb_msgs/msg/rosidl_typesupport_introspection_c__visibility_control.h\n'}
[4.577931] (rb_msgs) StdoutLine: {'line': b'-- Symlinking: /home/user/robocup_basketball_ws/install/rb_msgs/include/rb_msgs/rb_msgs/srv/detail/launch__rosidl_typesupport_introspection_c.h\n'}
[4.583693] (rb_msgs) StdoutLine: {'line': b'-- Symlinking: /home/user/robocup_basketball_ws/install/rb_msgs/include/rb_msgs/rb_msgs/srv/detail/set_mission__rosidl_typesupport_introspection_c.h\n'}
[4.589255] (rb_msgs) StdoutLine: {'line': b'-- Symlinking: /home/user/robocup_basketball_ws/install/rb_msgs/include/rb_msgs/rb_msgs/msg/detail/detection__builder.hpp\n'}
[4.594553] (rb_msgs) StdoutLine: {'line': b'-- Symlinking: /home/user/robocup_basketball_ws/install/rb_msgs/include/rb_msgs/rb_msgs/msg/detail/detection__struct.hpp\n'}
[4.600212] (rb_msgs) StdoutLine: {'line': b'-- Symlinking: /home/user/robocup_basketball_ws/install/rb_msgs/include/rb_msgs/rb_msgs/msg/detail/detection__traits.hpp\n'}
[4.605531] (rb_msgs) StdoutLine: {'line': b'-- Symlinking: /home/user/robocup_basketball_ws/install/rb_msgs/include/rb_msgs/rb_msgs/msg/detail/detection__type_support.hpp\n'}
[4.613514] (rb_msgs) StdoutLine: {'line': b'-- Symlinking: /home/user/robocup_basketball_ws/install/rb_msgs/include/rb_msgs/rb_msgs/msg/detail/detection_array__builder.hpp\n'}
[4.613665] (-) TimerEvent: {}
[4.620331] (rb_msgs) StdoutLine: {'line': b'-- Symlinking: /home/user/robocup_basketball_ws/install/rb_msgs/include/rb_msgs/rb_msgs/msg/detail/detection_array__struct.hpp\n'}
[4.627612] (rb_msgs) StdoutLine: {'line': b'-- Symlinking: /home/user/robocup_basketball_ws/install/rb_msgs/include/rb_msgs/rb_msgs/msg/detail/detection_array__traits.hpp\n'}
[4.633221] (rb_msgs) StdoutLine: {'line': b'-- Symlinking: /home/user/robocup_basketball_ws/install/rb_msgs/include/rb_msgs/rb_msgs/msg/detail/detection_array__type_support.hpp\n'}
[4.638807] (rb_msgs) StdoutLine: {'line': b'-- Symlinking: /home/user/robocup_basketball_ws/install/rb_msgs/include/rb_msgs/rb_msgs/msg/detail/mission_status__builder.hpp\n'}
[4.644388] (rb_msgs) StdoutLine: {'line': b'-- Symlinking: /home/user/robocup_basketball_ws/install/rb_msgs/include/rb_msgs/rb_msgs/msg/detail/mission_status__struct.hpp\n'}
[4.649551] (rb_msgs) StdoutLine: {'line': b'-- Symlinking: /home/user/robocup_basketball_ws/install/rb_msgs/include/rb_msgs/rb_msgs/msg/detail/mission_status__traits.hpp\n'}
[4.655206] (rb_msgs) StdoutLine: {'line': b'-- Symlinking: /home/user/robocup_basketball_ws/install/rb_msgs/include/rb_msgs/rb_msgs/msg/detail/mission_status__type_support.hpp\n'}
[4.660222] (rb_msgs) StdoutLine: {'line': b'-- Symlinking: /home/user/robocup_basketball_ws/install/rb_msgs/include/rb_msgs/rb_msgs/msg/detail/robot_state__builder.hpp\n'}
[4.666127] (rb_msgs) StdoutLine: {'line': b'-- Symlinking: /home/user/robocup_basketball_ws/install/rb_msgs/include/rb_msgs/rb_msgs/msg/detail/robot_state__struct.hpp\n'}
[4.672126] (rb_msgs) StdoutLine: {'line': b'-- Symlinking: /home/user/robocup_basketball_ws/install/rb_msgs/include/rb_msgs/rb_msgs/msg/detail/robot_state__traits.hpp\n'}
[4.679591] (rb_msgs) StdoutLine: {'line': b'-- Symlinking: /home/user/robocup_basketball_ws/install/rb_msgs/include/rb_msgs/rb_msgs/msg/detail/robot_state__type_support.hpp\n'}
[4.686508] (rb_msgs) StdoutLine: {'line': b'-- Symlinking: /home/user/robocup_basketball_ws/install/rb_msgs/include/rb_msgs/rb_msgs/msg/detection.hpp\n'}
[4.693448] (rb_msgs) StdoutLine: {'line': b'-- Symlinking: /home/user/robocup_basketball_ws/install/rb_msgs/include/rb_msgs/rb_msgs/msg/detection_array.hpp\n'}
[4.700195] (rb_msgs) StdoutLine: {'line': b'-- Symlinking: /home/user/robocup_basketball_ws/install/rb_msgs/include/rb_msgs/rb_msgs/msg/mission_status.hpp\n'}
[4.705091] (rb_msgs) StdoutLine: {'line': b'-- Symlinking: /home/user/robocup_basketball_ws/install/rb_msgs/include/rb_msgs/rb_msgs/msg/robot_state.hpp\n'}
[4.712166] (rb_msgs) StdoutLine: {'line': b'-- Symlinking: /home/user/robocup_basketball_ws/install/rb_msgs/include/rb_msgs/rb_msgs/msg/rosidl_generator_cpp__visibility_control.hpp\n'}
[4.713749] (-) TimerEvent: {}
[4.717558] (rb_msgs) StdoutLine: {'line': b'-- Symlinking: /home/user/robocup_basketball_ws/install/rb_msgs/include/rb_msgs/rb_msgs/srv/detail/launch__builder.hpp\n'}
[4.725178] (rb_msgs) StdoutLine: {'line': b'-- Symlinking: /home/user/robocup_basketball_ws/install/rb_msgs/include/rb_msgs/rb_msgs/srv/detail/launch__struct.hpp\n'}
[4.730865] (rb_msgs) StdoutLine: {'line': b'-- Symlinking: /home/user/robocup_basketball_ws/install/rb_msgs/include/rb_msgs/rb_msgs/srv/detail/launch__traits.hpp\n'}
[4.736882] (rb_msgs) StdoutLine: {'line': b'-- Symlinking: /home/user/robocup_basketball_ws/install/rb_msgs/include/rb_msgs/rb_msgs/srv/detail/launch__type_support.hpp\n'}
[4.744434] (rb_msgs) StdoutLine: {'line': b'-- Symlinking: /home/user/robocup_basketball_ws/install/rb_msgs/include/rb_msgs/rb_msgs/srv/detail/set_mission__builder.hpp\n'}
[4.751019] (rb_msgs) StdoutLine: {'line': b'-- Symlinking: /home/user/robocup_basketball_ws/install/rb_msgs/include/rb_msgs/rb_msgs/srv/detail/set_mission__struct.hpp\n'}
[4.757805] (rb_msgs) StdoutLine: {'line': b'-- Symlinking: /home/user/robocup_basketball_ws/install/rb_msgs/include/rb_msgs/rb_msgs/srv/detail/set_mission__traits.hpp\n'}
[4.763744] (rb_msgs) StdoutLine: {'line': b'-- Symlinking: /home/user/robocup_basketball_ws/install/rb_msgs/include/rb_msgs/rb_msgs/srv/detail/set_mission__type_support.hpp\n'}
[4.769071] (rb_msgs) StdoutLine: {'line': b'-- Symlinking: /home/user/robocup_basketball_ws/install/rb_msgs/include/rb_msgs/rb_msgs/srv/launch.hpp\n'}
[4.776045] (rb_msgs) StdoutLine: {'line': b'-- Symlinking: /home/user/robocup_basketball_ws/install/rb_msgs/include/rb_msgs/rb_msgs/srv/set_mission.hpp\n'}
[4.783505] (rb_msgs) StdoutLine: {'line': b'-- Symlinking: /home/user/robocup_basketball_ws/install/rb_msgs/include/rb_msgs/rb_msgs/msg/detail/detection__rosidl_typesupport_fastrtps_cpp.hpp\n'}
[4.790401] (rb_msgs) StdoutLine: {'line': b'-- Symlinking: /home/user/robocup_basketball_ws/install/rb_msgs/include/rb_msgs/rb_msgs/msg/detail/detection_array__rosidl_typesupport_fastrtps_cpp.hpp\n'}
[4.796614] (rb_msgs) StdoutLine: {'line': b'-- Symlinking: /home/user/robocup_basketball_ws/install/rb_msgs/include/rb_msgs/rb_msgs/msg/detail/mission_status__rosidl_typesupport_fastrtps_cpp.hpp\n'}
[4.801425] (rb_msgs) StdoutLine: {'line': b'-- Symlinking: /home/user/robocup_basketball_ws/install/rb_msgs/include/rb_msgs/rb_msgs/msg/detail/robot_state__rosidl_typesupport_fastrtps_cpp.hpp\n'}
[4.807945] (rb_msgs) StdoutLine: {'line': b'-- Symlinking: /home/user/robocup_basketball_ws/install/rb_msgs/include/rb_msgs/rb_msgs/msg/rosidl_typesupport_fastrtps_cpp__visibility_control.h\n'}
[4.813884] (-) TimerEvent: {}
[4.815115] (rb_msgs) StdoutLine: {'line': b'-- Symlinking: /home/user/robocup_basketball_ws/install/rb_msgs/include/rb_msgs/rb_msgs/srv/detail/launch__rosidl_typesupport_fastrtps_cpp.hpp\n'}
[4.822220] (rb_msgs) StdoutLine: {'line': b'-- Symlinking: /home/user/robocup_basketball_ws/install/rb_msgs/include/rb_msgs/rb_msgs/srv/detail/set_mission__rosidl_typesupport_fastrtps_cpp.hpp\n'}
[4.829145] (rb_msgs) StdoutLine: {'line': b'-- Symlinking: /home/user/robocup_basketball_ws/install/rb_msgs/include/rb_msgs/rb_msgs/msg/detail/detection__rosidl_typesupport_introspection_cpp.hpp\n'}
[4.836165] (rb_msgs) StdoutLine: {'line': b'-- Symlinking: /home/user/robocup_basketball_ws/install/rb_msgs/include/rb_msgs/rb_msgs/msg/detail/detection_array__rosidl_typesupport_introspection_cpp.hpp\n'}
[4.843348] (rb_msgs) StdoutLine: {'line': b'-- Symlinking: /home/user/robocup_basketball_ws/install/rb_msgs/include/rb_msgs/rb_msgs/msg/detail/mission_status__rosidl_typesupport_introspection_cpp.hpp\n'}
[4.848931] (rb_msgs) StdoutLine: {'line': b'-- Symlinking: /home/user/robocup_basketball_ws/install/rb_msgs/include/rb_msgs/rb_msgs/msg/detail/robot_state__rosidl_typesupport_introspection_cpp.hpp\n'}
[4.855787] (rb_msgs) StdoutLine: {'line': b'-- Symlinking: /home/user/robocup_basketball_ws/install/rb_msgs/include/rb_msgs/rb_msgs/srv/detail/launch__rosidl_typesupport_introspection_cpp.hpp\n'}
[4.862172] (rb_msgs) StdoutLine: {'line': b'-- Symlinking: /home/user/robocup_basketball_ws/install/rb_msgs/include/rb_msgs/rb_msgs/srv/detail/set_mission__rosidl_typesupport_introspection_cpp.hpp\n'}
[4.868088] (rb_msgs) StdoutLine: {'line': b'-- Symlinking: /home/user/robocup_basketball_ws/install/rb_msgs/share/rb_msgs/environment/pythonpath.sh\n'}
[4.875136] (rb_msgs) StdoutLine: {'line': b'-- Symlinking: /home/user/robocup_basketball_ws/install/rb_msgs/share/rb_msgs/environment/pythonpath.dsv\n'}
[4.881746] (rb_msgs) StdoutLine: {'line': b'-- Symlinking: /home/user/robocup_basketball_ws/install/rb_msgs/local/lib/python3.10/dist-packages/rb_msgs-0.1.0-py3.10.egg-info/PKG-INFO\n'}
[4.886577] (rb_msgs) StdoutLine: {'line': b'-- Symlinking: /home/user/robocup_basketball_ws/install/rb_msgs/local/lib/python3.10/dist-packages/rb_msgs-0.1.0-py3.10.egg-info/SOURCES.txt\n'}
[4.892976] (rb_msgs) StdoutLine: {'line': b'-- Symlinking: /home/user/robocup_basketball_ws/install/rb_msgs/local/lib/python3.10/dist-packages/rb_msgs-0.1.0-py3.10.egg-info/dependency_links.txt\n'}
[4.898716] (rb_msgs) StdoutLine: {'line': b'-- Symlinking: /home/user/robocup_basketball_ws/install/rb_msgs/local/lib/python3.10/dist-packages/rb_msgs-0.1.0-py3.10.egg-info/top_level.txt\n'}
[4.903873] (rb_msgs) StdoutLine: {'line': b'-- Symlinking: /home/user/robocup_basketball_ws/install/rb_msgs/local/lib/python3.10/dist-packages/rb_msgs/__init__.py\n'}
[4.911452] (rb_msgs) StdoutLine: {'line': b'-- Symlinking: /home/user/robocup_basketball_ws/install/rb_msgs/local/lib/python3.10/dist-packages/rb_msgs/_rb_msgs_s.ep.rosidl_typesupport_c.c\n'}
[4.913987] (-) TimerEvent: {}
[4.917881] (rb_msgs) StdoutLine: {'line': b'-- Symlinking: /home/user/robocup_basketball_ws/install/rb_msgs/local/lib/python3.10/dist-packages/rb_msgs/_rb_msgs_s.ep.rosidl_typesupport_fastrtps_c.c\n'}
[4.925048] (rb_msgs) StdoutLine: {'line': b'-- Symlinking: /home/user/robocup_basketball_ws/install/rb_msgs/local/lib/python3.10/dist-packages/rb_msgs/_rb_msgs_s.ep.rosidl_typesupport_introspection_c.c\n'}
[4.930841] (rb_msgs) StdoutLine: {'line': b'-- Symlinking: /home/user/robocup_basketball_ws/install/rb_msgs/local/lib/python3.10/dist-packages/rb_msgs/librb_msgs__rosidl_generator_py.so\n'}
[4.936264] (rb_msgs) StdoutLine: {'line': b'-- Symlinking: /home/user/robocup_basketball_ws/install/rb_msgs/local/lib/python3.10/dist-packages/rb_msgs/msg/__init__.py\n'}
[4.943559] (rb_msgs) StdoutLine: {'line': b'-- Symlinking: /home/user/robocup_basketball_ws/install/rb_msgs/local/lib/python3.10/dist-packages/rb_msgs/msg/_detection.py\n'}
[4.948533] (rb_msgs) StdoutLine: {'line': b'-- Symlinking: /home/user/robocup_basketball_ws/install/rb_msgs/local/lib/python3.10/dist-packages/rb_msgs/msg/_detection_array.py\n'}
[4.953508] (rb_msgs) StdoutLine: {'line': b'-- Symlinking: /home/user/robocup_basketball_ws/install/rb_msgs/local/lib/python3.10/dist-packages/rb_msgs/msg/_detection_array_s.c\n'}
[4.958639] (rb_msgs) StdoutLine: {'line': b'-- Symlinking: /home/user/robocup_basketball_ws/install/rb_msgs/local/lib/python3.10/dist-packages/rb_msgs/msg/_detection_s.c\n'}
[4.966536] (rb_msgs) StdoutLine: {'line': b'-- Symlinking: /home/user/robocup_basketball_ws/install/rb_msgs/local/lib/python3.10/dist-packages/rb_msgs/msg/_mission_status.py\n'}
[4.972789] (rb_msgs) StdoutLine: {'line': b'-- Symlinking: /home/user/robocup_basketball_ws/install/rb_msgs/local/lib/python3.10/dist-packages/rb_msgs/msg/_mission_status_s.c\n'}
[4.979123] (rb_msgs) StdoutLine: {'line': b'-- Symlinking: /home/user/robocup_basketball_ws/install/rb_msgs/local/lib/python3.10/dist-packages/rb_msgs/msg/_robot_state.py\n'}
[4.985166] (rb_msgs) StdoutLine: {'line': b'-- Symlinking: /home/user/robocup_basketball_ws/install/rb_msgs/local/lib/python3.10/dist-packages/rb_msgs/msg/_robot_state_s.c\n'}
[4.991206] (rb_msgs) StdoutLine: {'line': b'-- Symlinking: /home/user/robocup_basketball_ws/install/rb_msgs/local/lib/python3.10/dist-packages/rb_msgs/rb_msgs_s__rosidl_typesupport_c.cpython-310-x86_64-linux-gnu.so\n'}
[4.997634] (rb_msgs) StdoutLine: {'line': b'-- Symlinking: /home/user/robocup_basketball_ws/install/rb_msgs/local/lib/python3.10/dist-packages/rb_msgs/rb_msgs_s__rosidl_typesupport_fastrtps_c.cpython-310-x86_64-linux-gnu.so\n'}
[5.004183] (rb_msgs) StdoutLine: {'line': b'-- Symlinking: /home/user/robocup_basketball_ws/install/rb_msgs/local/lib/python3.10/dist-packages/rb_msgs/rb_msgs_s__rosidl_typesupport_introspection_c.cpython-310-x86_64-linux-gnu.so\n'}
[5.011930] (rb_msgs) StdoutLine: {'line': b'-- Symlinking: /home/user/robocup_basketball_ws/install/rb_msgs/local/lib/python3.10/dist-packages/rb_msgs/srv/__init__.py\n'}
[5.014105] (-) TimerEvent: {}
[5.018169] (rb_msgs) StdoutLine: {'line': b'-- Symlinking: /home/user/robocup_basketball_ws/install/rb_msgs/local/lib/python3.10/dist-packages/rb_msgs/srv/_launch.py\n'}
[5.023385] (rb_msgs) StdoutLine: {'line': b'-- Symlinking: /home/user/robocup_basketball_ws/install/rb_msgs/local/lib/python3.10/dist-packages/rb_msgs/srv/_launch_s.c\n'}
[5.031619] (rb_msgs) StdoutLine: {'line': b'-- Symlinking: /home/user/robocup_basketball_ws/install/rb_msgs/local/lib/python3.10/dist-packages/rb_msgs/srv/_set_mission.py\n'}
[5.037491] (rb_msgs) StdoutLine: {'line': b'-- Symlinking: /home/user/robocup_basketball_ws/install/rb_msgs/local/lib/python3.10/dist-packages/rb_msgs/srv/_set_mission_s.c\n'}
[5.044744] (rb_msgs) StdoutLine: {'line': b'-- Up-to-date symlink: /home/user/robocup_basketball_ws/install/rb_msgs/local/lib/python3.10/dist-packages/rb_msgs/rb_msgs_s__rosidl_typesupport_fastrtps_c.cpython-310-x86_64-linux-gnu.so\n'}
[5.045008] (rb_msgs) StdoutLine: {'line': b'-- Up-to-date symlink: /home/user/robocup_basketball_ws/install/rb_msgs/local/lib/python3.10/dist-packages/rb_msgs/rb_msgs_s__rosidl_typesupport_introspection_c.cpython-310-x86_64-linux-gnu.so\n'}
[5.045075] (rb_msgs) StdoutLine: {'line': b'-- Up-to-date symlink: /home/user/robocup_basketball_ws/install/rb_msgs/local/lib/python3.10/dist-packages/rb_msgs/rb_msgs_s__rosidl_typesupport_c.cpython-310-x86_64-linux-gnu.so\n'}
[5.045132] (rb_msgs) StdoutLine: {'line': b'-- Symlinking: /home/user/robocup_basketball_ws/install/rb_msgs/share/rb_msgs/msg/Detection.idl\n'}
[5.051180] (rb_msgs) StdoutLine: {'line': b'-- Symlinking: /home/user/robocup_basketball_ws/install/rb_msgs/share/rb_msgs/msg/DetectionArray.idl\n'}
[5.058077] (rb_msgs) StdoutLine: {'line': b'-- Symlinking: /home/user/robocup_basketball_ws/install/rb_msgs/share/rb_msgs/msg/RobotState.idl\n'}
[5.065327] (rb_msgs) StdoutLine: {'line': b'-- Symlinking: /home/user/robocup_basketball_ws/install/rb_msgs/share/rb_msgs/msg/MissionStatus.idl\n'}
[5.072198] (rb_msgs) StdoutLine: {'line': b'-- Symlinking: /home/user/robocup_basketball_ws/install/rb_msgs/share/rb_msgs/srv/Launch.idl\n'}
[5.078735] (rb_msgs) StdoutLine: {'line': b'-- Symlinking: /home/user/robocup_basketball_ws/install/rb_msgs/share/rb_msgs/srv/SetMission.idl\n'}
[5.084207] (rb_msgs) StdoutLine: {'line': b'-- Symlinking: /home/user/robocup_basketball_ws/install/rb_msgs/share/rb_msgs/msg/Detection.msg\n'}
[5.091387] (rb_msgs) StdoutLine: {'line': b'-- Symlinking: /home/user/robocup_basketball_ws/install/rb_msgs/share/rb_msgs/msg/DetectionArray.msg\n'}
[5.098149] (rb_msgs) StdoutLine: {'line': b'-- Symlinking: /home/user/robocup_basketball_ws/install/rb_msgs/share/rb_msgs/msg/RobotState.msg\n'}
[5.105255] (rb_msgs) StdoutLine: {'line': b'-- Symlinking: /home/user/robocup_basketball_ws/install/rb_msgs/share/rb_msgs/msg/MissionStatus.msg\n'}
[5.111214] (rb_msgs) StdoutLine: {'line': b'-- Symlinking: /home/user/robocup_basketball_ws/install/rb_msgs/share/rb_msgs/srv/Launch.srv\n'}
[5.114299] (-) TimerEvent: {}
[5.116842] (rb_msgs) StdoutLine: {'line': b'-- Symlinking: /home/user/robocup_basketball_ws/install/rb_msgs/share/rb_msgs/srv/Launch_Request.msg\n'}
[5.123786] (rb_msgs) StdoutLine: {'line': b'-- Symlinking: /home/user/robocup_basketball_ws/install/rb_msgs/share/rb_msgs/srv/Launch_Response.msg\n'}
[5.131017] (rb_msgs) StdoutLine: {'line': b'-- Symlinking: /home/user/robocup_basketball_ws/install/rb_msgs/share/rb_msgs/srv/SetMission.srv\n'}
[5.138132] (rb_msgs) StdoutLine: {'line': b'-- Symlinking: /home/user/robocup_basketball_ws/install/rb_msgs/share/rb_msgs/srv/SetMission_Request.msg\n'}
[5.144608] (rb_msgs) StdoutLine: {'line': b'-- Symlinking: /home/user/robocup_basketball_ws/install/rb_msgs/share/rb_msgs/srv/SetMission_Response.msg\n'}
[5.150157] (rb_msgs) StdoutLine: {'line': b'-- Symlinking: /home/user/robocup_basketball_ws/install/rb_msgs/share/ament_index/resource_index/package_run_dependencies/rb_msgs\n'}
[5.158585] (rb_msgs) StdoutLine: {'line': b'-- Symlinking: /home/user/robocup_basketball_ws/install/rb_msgs/share/ament_index/resource_index/parent_prefix_path/rb_msgs\n'}
[5.165090] (rb_msgs) StdoutLine: {'line': b'-- Symlinking: /home/user/robocup_basketball_ws/install/rb_msgs/share/rb_msgs/environment/ament_prefix_path.sh\n'}
[5.172195] (rb_msgs) StdoutLine: {'line': b'-- Symlinking: /home/user/robocup_basketball_ws/install/rb_msgs/share/rb_msgs/environment/ament_prefix_path.dsv\n'}
[5.180412] (rb_msgs) StdoutLine: {'line': b'-- Symlinking: /home/user/robocup_basketball_ws/install/rb_msgs/share/rb_msgs/environment/path.sh\n'}
[5.187778] (rb_msgs) StdoutLine: {'line': b'-- Symlinking: /home/user/robocup_basketball_ws/install/rb_msgs/share/rb_msgs/environment/path.dsv\n'}
[5.195691] (rb_msgs) StdoutLine: {'line': b'-- Symlinking: /home/user/robocup_basketball_ws/install/rb_msgs/share/rb_msgs/local_setup.bash\n'}
[5.203021] (rb_msgs) StdoutLine: {'line': b'-- Symlinking: /home/user/robocup_basketball_ws/install/rb_msgs/share/rb_msgs/local_setup.sh\n'}
[5.210329] (rb_msgs) StdoutLine: {'line': b'-- Symlinking: /home/user/robocup_basketball_ws/install/rb_msgs/share/rb_msgs/local_setup.zsh\n'}
[5.214489] (-) TimerEvent: {}
[5.216162] (rb_msgs) StdoutLine: {'line': b'-- Symlinking: /home/user/robocup_basketball_ws/install/rb_msgs/share/rb_msgs/local_setup.dsv\n'}
[5.223626] (rb_msgs) StdoutLine: {'line': b'-- Symlinking: /home/user/robocup_basketball_ws/install/rb_msgs/share/rb_msgs/package.dsv\n'}
[5.230661] (rb_msgs) StdoutLine: {'line': b'-- Symlinking: /home/user/robocup_basketball_ws/install/rb_msgs/share/ament_index/resource_index/packages/rb_msgs\n'}
[5.237160] (rb_msgs) StdoutLine: {'line': b'-- Symlinking: /home/user/robocup_basketball_ws/install/rb_msgs/share/rb_msgs/cmake/rosidl_cmake-extras.cmake\n'}
[5.244875] (rb_msgs) StdoutLine: {'line': b'-- Symlinking: /home/user/robocup_basketball_ws/install/rb_msgs/share/rb_msgs/cmake/ament_cmake_export_dependencies-extras.cmake\n'}
[5.252417] (rb_msgs) StdoutLine: {'line': b'-- Symlinking: /home/user/robocup_basketball_ws/install/rb_msgs/share/rb_msgs/cmake/ament_cmake_export_include_directories-extras.cmake\n'}
[5.259335] (rb_msgs) StdoutLine: {'line': b'-- Symlinking: /home/user/robocup_basketball_ws/install/rb_msgs/share/rb_msgs/cmake/ament_cmake_export_libraries-extras.cmake\n'}
[5.265018] (rb_msgs) StdoutLine: {'line': b'-- Symlinking: /home/user/robocup_basketball_ws/install/rb_msgs/share/rb_msgs/cmake/ament_cmake_export_targets-extras.cmake\n'}
[5.270885] (rb_msgs) StdoutLine: {'line': b'-- Symlinking: /home/user/robocup_basketball_ws/install/rb_msgs/share/rb_msgs/cmake/rosidl_cmake_export_typesupport_targets-extras.cmake\n'}
[5.278172] (rb_msgs) StdoutLine: {'line': b'-- Symlinking: /home/user/robocup_basketball_ws/install/rb_msgs/share/rb_msgs/cmake/rosidl_cmake_export_typesupport_libraries-extras.cmake\n'}
[5.285542] (rb_msgs) StdoutLine: {'line': b'-- Symlinking: /home/user/robocup_basketball_ws/install/rb_msgs/share/rb_msgs/cmake/rb_msgsConfig.cmake\n'}
[5.291758] (rb_msgs) StdoutLine: {'line': b'-- Symlinking: /home/user/robocup_basketball_ws/install/rb_msgs/share/rb_msgs/cmake/rb_msgsConfig-version.cmake\n'}
[5.299371] (rb_msgs) StdoutLine: {'line': b'-- Symlinking: /home/user/robocup_basketball_ws/install/rb_msgs/share/rb_msgs/package.xml\n'}
[5.306448] (rb_msgs) StdoutLine: {'line': b'-- Installing: /home/user/robocup_basketball_ws/install/rb_msgs/lib/librb_msgs__rosidl_generator_c.so\n'}
[5.306722] (rb_msgs) StdoutLine: {'line': b'-- Set runtime path of "/home/user/robocup_basketball_ws/install/rb_msgs/lib/librb_msgs__rosidl_generator_c.so" to ""\n'}
[5.306783] (rb_msgs) StdoutLine: {'line': b'-- Installing: /home/user/robocup_basketball_ws/install/rb_msgs/lib/librb_msgs__rosidl_typesupport_fastrtps_c.so\n'}
[5.307066] (rb_msgs) StdoutLine: {'line': b'-- Set runtime path of "/home/user/robocup_basketball_ws/install/rb_msgs/lib/librb_msgs__rosidl_typesupport_fastrtps_c.so" to ""\n'}
[5.307103] (rb_msgs) StdoutLine: {'line': b'-- Installing: /home/user/robocup_basketball_ws/install/rb_msgs/lib/librb_msgs__rosidl_typesupport_introspection_c.so\n'}
[5.307420] (rb_msgs) StdoutLine: {'line': b'-- Set runtime path of "/home/user/robocup_basketball_ws/install/rb_msgs/lib/librb_msgs__rosidl_typesupport_introspection_c.so" to ""\n'}
[5.307498] (rb_msgs) StdoutLine: {'line': b'-- Installing: /home/user/robocup_basketball_ws/install/rb_msgs/lib/librb_msgs__rosidl_typesupport_c.so\n'}
[5.307741] (rb_msgs) StdoutLine: {'line': b'-- Set runtime path of "/home/user/robocup_basketball_ws/install/rb_msgs/lib/librb_msgs__rosidl_typesupport_c.so" to ""\n'}
[5.307821] (rb_msgs) StdoutLine: {'line': b'-- Installing: /home/user/robocup_basketball_ws/install/rb_msgs/lib/librb_msgs__rosidl_typesupport_fastrtps_cpp.so\n'}
[5.308182] (rb_msgs) StdoutLine: {'line': b'-- Set runtime path of "/home/user/robocup_basketball_ws/install/rb_msgs/lib/librb_msgs__rosidl_typesupport_fastrtps_cpp.so" to ""\n'}
[5.308281] (rb_msgs) StdoutLine: {'line': b'-- Installing: /home/user/robocup_basketball_ws/install/rb_msgs/lib/librb_msgs__rosidl_typesupport_introspection_cpp.so\n'}
[5.308498] (rb_msgs) StdoutLine: {'line': b'-- Set runtime path of "/home/user/robocup_basketball_ws/install/rb_msgs/lib/librb_msgs__rosidl_typesupport_introspection_cpp.so" to ""\n'}
[5.308559] (rb_msgs) StdoutLine: {'line': b'-- Installing: /home/user/robocup_basketball_ws/install/rb_msgs/lib/librb_msgs__rosidl_typesupport_cpp.so\n'}
[5.308708] (rb_msgs) StdoutLine: {'line': b'-- Set runtime path of "/home/user/robocup_basketball_ws/install/rb_msgs/lib/librb_msgs__rosidl_typesupport_cpp.so" to ""\n'}
[5.314679] (-) TimerEvent: {}
[5.333562] (rb_msgs) StdoutLine: {'line': b"Listing '/home/user/robocup_basketball_ws/install/rb_msgs/local/lib/python3.10/dist-packages/rb_msgs'...\n"}
[5.333659] (rb_msgs) StdoutLine: {'line': b"Compiling '/home/user/robocup_basketball_ws/install/rb_msgs/local/lib/python3.10/dist-packages/rb_msgs/__init__.py'...\n"}
[5.333688] (rb_msgs) StdoutLine: {'line': b"Listing '/home/user/robocup_basketball_ws/install/rb_msgs/local/lib/python3.10/dist-packages/rb_msgs/msg'...\n"}
[5.333712] (rb_msgs) StdoutLine: {'line': b"Compiling '/home/user/robocup_basketball_ws/install/rb_msgs/local/lib/python3.10/dist-packages/rb_msgs/msg/__init__.py'...\n"}
[5.333736] (rb_msgs) StdoutLine: {'line': b"Compiling '/home/user/robocup_basketball_ws/install/rb_msgs/local/lib/python3.10/dist-packages/rb_msgs/msg/_detection.py'...\n"}
[5.333758] (rb_msgs) StdoutLine: {'line': b"Compiling '/home/user/robocup_basketball_ws/install/rb_msgs/local/lib/python3.10/dist-packages/rb_msgs/msg/_detection_array.py'...\n"}
[5.333780] (rb_msgs) StdoutLine: {'line': b"Compiling '/home/user/robocup_basketball_ws/install/rb_msgs/local/lib/python3.10/dist-packages/rb_msgs/msg/_mission_status.py'...\n"}
[5.333801] (rb_msgs) StdoutLine: {'line': b"Compiling '/home/user/robocup_basketball_ws/install/rb_msgs/local/lib/python3.10/dist-packages/rb_msgs/msg/_robot_state.py'...\n"}
[5.333821] (rb_msgs) StdoutLine: {'line': b"Listing '/home/user/robocup_basketball_ws/install/rb_msgs/local/lib/python3.10/dist-packages/rb_msgs/srv'...\n"}
[5.333841] (rb_msgs) StdoutLine: {'line': b"Compiling '/home/user/robocup_basketball_ws/install/rb_msgs/local/lib/python3.10/dist-packages/rb_msgs/srv/__init__.py'...\n"}
[5.333860] (rb_msgs) StdoutLine: {'line': b"Compiling '/home/user/robocup_basketball_ws/install/rb_msgs/local/lib/python3.10/dist-packages/rb_msgs/srv/_launch.py'...\n"}
[5.333880] (rb_msgs) StdoutLine: {'line': b"Compiling '/home/user/robocup_basketball_ws/install/rb_msgs/local/lib/python3.10/dist-packages/rb_msgs/srv/_set_mission.py'...\n"}
[5.336368] (rb_msgs) StdoutLine: {'line': b'-- Installing: /home/user/robocup_basketball_ws/install/rb_msgs/lib/librb_msgs__rosidl_generator_py.so\n'}
[5.336633] (rb_msgs) StdoutLine: {'line': b'-- Set runtime path of "/home/user/robocup_basketball_ws/install/rb_msgs/lib/librb_msgs__rosidl_generator_py.so" to ""\n'}
[5.336713] (rb_msgs) StdoutLine: {'line': b'-- Installing: /home/user/robocup_basketball_ws/install/rb_msgs/share/rb_msgs/cmake/export_rb_msgs__rosidl_generator_cExport.cmake\n'}
[5.336749] (rb_msgs) StdoutLine: {'line': b'-- Installing: /home/user/robocup_basketball_ws/install/rb_msgs/share/rb_msgs/cmake/export_rb_msgs__rosidl_generator_cExport-noconfig.cmake\n'}
[5.336777] (rb_msgs) StdoutLine: {'line': b'-- Installing: /home/user/robocup_basketball_ws/install/rb_msgs/share/rb_msgs/cmake/export_rb_msgs__rosidl_typesupport_fastrtps_cExport.cmake\n'}
[5.336946] (rb_msgs) StdoutLine: {'line': b'-- Installing: /home/user/robocup_basketball_ws/install/rb_msgs/share/rb_msgs/cmake/export_rb_msgs__rosidl_typesupport_fastrtps_cExport-noconfig.cmake\n'}
[5.336983] (rb_msgs) StdoutLine: {'line': b'-- Installing: /home/user/robocup_basketball_ws/install/rb_msgs/share/rb_msgs/cmake/rb_msgs__rosidl_typesupport_introspection_cExport.cmake\n'}
[5.337018] (rb_msgs) StdoutLine: {'line': b'-- Installing: /home/user/robocup_basketball_ws/install/rb_msgs/share/rb_msgs/cmake/rb_msgs__rosidl_typesupport_introspection_cExport-noconfig.cmake\n'}
[5.337054] (rb_msgs) StdoutLine: {'line': b'-- Installing: /home/user/robocup_basketball_ws/install/rb_msgs/share/rb_msgs/cmake/rb_msgs__rosidl_typesupport_cExport.cmake\n'}
[5.337081] (rb_msgs) StdoutLine: {'line': b'-- Installing: /home/user/robocup_basketball_ws/install/rb_msgs/share/rb_msgs/cmake/rb_msgs__rosidl_typesupport_cExport-noconfig.cmake\n'}
[5.337223] (rb_msgs) StdoutLine: {'line': b'-- Installing: /home/user/robocup_basketball_ws/install/rb_msgs/share/rb_msgs/cmake/export_rb_msgs__rosidl_generator_cppExport.cmake\n'}
[5.337355] (rb_msgs) StdoutLine: {'line': b'-- Installing: /home/user/robocup_basketball_ws/install/rb_msgs/share/rb_msgs/cmake/export_rb_msgs__rosidl_typesupport_fastrtps_cppExport.cmake\n'}
[5.337388] (rb_msgs) StdoutLine: {'line': b'-- Installing: /home/user/robocup_basketball_ws/install/rb_msgs/share/rb_msgs/cmake/export_rb_msgs__rosidl_typesupport_fastrtps_cppExport-noconfig.cmake\n'}
[5.337416] (rb_msgs) StdoutLine: {'line': b'-- Installing: /home/user/robocup_basketball_ws/install/rb_msgs/share/rb_msgs/cmake/rb_msgs__rosidl_typesupport_introspection_cppExport.cmake\n'}
[5.337446] (rb_msgs) StdoutLine: {'line': b'-- Installing: /home/user/robocup_basketball_ws/install/rb_msgs/share/rb_msgs/cmake/rb_msgs__rosidl_typesupport_introspection_cppExport-noconfig.cmake\n'}
[5.337474] (rb_msgs) StdoutLine: {'line': b'-- Installing: /home/user/robocup_basketball_ws/install/rb_msgs/share/rb_msgs/cmake/rb_msgs__rosidl_typesupport_cppExport.cmake\n'}
[5.337499] (rb_msgs) StdoutLine: {'line': b'-- Installing: /home/user/robocup_basketball_ws/install/rb_msgs/share/rb_msgs/cmake/rb_msgs__rosidl_typesupport_cppExport-noconfig.cmake\n'}
[5.337532] (rb_msgs) StdoutLine: {'line': b'-- Installing: /home/user/robocup_basketball_ws/install/rb_msgs/share/rb_msgs/cmake/export_rb_msgs__rosidl_generator_pyExport.cmake\n'}
[5.337557] (rb_msgs) StdoutLine: {'line': b'-- Installing: /home/user/robocup_basketball_ws/install/rb_msgs/share/rb_msgs/cmake/export_rb_msgs__rosidl_generator_pyExport-noconfig.cmake\n'}
[5.338771] (rb_msgs) CommandEnded: {'returncode': 0}
[5.348181] (rb_msgs) JobEnded: {'identifier': 'rb_msgs', 'rc': 0}
[5.348703] (rb_launcher) JobStarted: {'identifier': 'rb_launcher'}
[5.350112] (rb_localization) JobStarted: {'identifier': 'rb_localization'}
[5.352299] (rb_mission) JobStarted: {'identifier': 'rb_mission'}
[5.354527] (rb_perception) JobStarted: {'identifier': 'rb_perception'}
[5.356961] (rb_launcher) JobProgress: {'identifier': 'rb_launcher', 'progress': 'cmake'}
[5.357300] (rb_launcher) Command: {'cmd': ['/usr/bin/cmake', '/home/user/robocup_basketball_ws/src/rb_launcher', '-DAMENT_CMAKE_SYMLINK_INSTALL=1', '-DCMAKE_INSTALL_PREFIX=/home/user/robocup_basketball_ws/install/rb_launcher'], 'cwd': '/home/user/robocup_basketball_ws/build/rb_launcher', 'env': OrderedDict([('SHLVL', '0'), ('LD_LIBRARY_PATH', '/home/user/robocup_basketball_ws/install/rb_msgs/lib:/opt/ros/humble/opt/rviz_ogre_vendor/lib:/opt/ros/humble/lib/x86_64-linux-gnu:/opt/ros/humble/lib'), ('HOME', '/home/user'), ('OLDPWD', '/home/user/robocup_basketball_ws'), ('ROS_PYTHON_VERSION', '3'), ('LC_CTYPE', 'C.UTF-8'), ('ROS_DISTRO', 'humble'), ('_', '/usr/bin/colcon'), ('ROS_VERSION', '2'), ('TERM', 'dumb'), ('ROS_LOCALHOST_ONLY', '0'), ('PATH', '/opt/ros/humble/bin:/usr/local/bin:/usr/bin:/bin'), ('AMENT_PREFIX_PATH', '/home/user/robocup_basketball_ws/install/rb_msgs:/opt/ros/humble'), ('PWD', '/home/user/robocup_basketball_ws/build/rb_launcher'), ('PYTHONPATH', '/home/user/robocup_basketball_ws/install/rb_msgs/local/lib/python3.10/dist-packages:/opt/ros/humble/lib/python3.10/site-packages:/opt/ros/humble/local/lib/python3.10/dist-packages'), ('COLCON', '1'), ('CMAKE_PREFIX_PATH', '/home/user/robocup_basketball_ws/install/rb_msgs:/opt/ros/humble')]), 'shell': False}
[5.414873] (-) TimerEvent: {}
[5.505551] (rb_launcher) StdoutLine: {'line': b'-- Found ament_cmake: 1.3.11 (/opt/ros/humble/share/ament_cmake/cmake)\n'}
[5.505744] (rb_launcher) StdoutLine: {'line': b'-- Override CMake install command with custom implementation using symlinks instead of copying resources\n'}
[5.505782] (rb_launcher) StdoutLine: {'line': b'-- Found rclcpp: 16.0.12 (/opt/ros/humble/share/rclcpp/cmake)\n'}
[5.505813] (rb_launcher) StdoutLine: {'line': b'-- Found rosidl_generator_c: 3.1.6 (/opt/ros/humble/share/rosidl_generator_c/cmake)\n'}
[5.505841] (rb_launcher) StdoutLine: {'line': b'-- Found rosidl_adapter: 3.1.6 (/opt/ros/humble/share/rosidl_adapter/cmake)\n'}
[5.505867] (rb_launcher) StdoutLine: {'line': b'-- Found rosidl_generator_cpp: 3.1.6 (/opt/ros/humble/share/rosidl_generator_cpp/cmake)\n'}
[5.505893] (rb_launcher) StdoutLine: {'line': b'-- Using all available rosidl_typesupport_c: rosidl_typesupport_fastrtps_c;rosidl_typesupport_introspection_c\n'}
[5.505920] (rb_launcher) StdoutLine: {'line': b'-- Using all available rosidl_typesupport_cpp: rosidl_typesupport_fastrtps_cpp;rosidl_typesupport_introspection_cpp\n'}
[5.514992] (-) TimerEvent: {}
[5.615167] (-) TimerEvent: {}
[5.715419] (-) TimerEvent: {}
[5.777900] (rb_launcher) StdoutLine: {'line': b'-- Found rmw_implementation_cmake: 6.1.2 (/opt/ros/humble/share/rmw_implementation_cmake/cmake)\n'}
[5.778050] (rb_launcher) StdoutLine: {'line': b'-- Found rmw_fastrtps_cpp: 6.2.7 (/opt/ros/humble/share/rmw_fastrtps_cpp/cmake)\n'}
[5.778114] (rb_launcher) StdoutLine: {'line': b"-- Using RMW implementation 'rmw_fastrtps_cpp' as default\n"}
[5.778172] (rb_launcher) StdoutLine: {'line': b'-- Found rb_msgs: 0.1.0 (/home/user/robocup_basketball_ws/install/rb_msgs/share/rb_msgs/cmake)\n'}
[5.778229] (rb_launcher) StdoutLine: {'line': b'-- Configuring done\n'}
[5.778285] (rb_launcher) StdoutLine: {'line': b'-- Generating done\n'}
[5.778340] (rb_launcher) StdoutLine: {'line': b'-- Build files have been written to: /home/user/robocup_basketball_ws/build/rb_launcher\n'}
[5.778815] (rb_launcher) CommandEnded: {'returncode': 0}
[5.779141] (rb_launcher) JobProgress: {'identifier': 'rb_launcher', 'progress': 'build'}
[5.779365] (rb_launcher) Command: {'cmd': ['/usr/bin/cmake', '--build', '/home/user/robocup_basketball_ws/build/rb_launcher', '--', '-j16', '-l16'], 'cwd': '/home/user/robocup_basketball_ws/build/rb_launcher', 'env': OrderedDict([('SHLVL', '0'), ('LD_LIBRARY_PATH', '/home/user/robocup_basketball_ws/install/rb_msgs/lib:/opt/ros/humble/opt/rviz_ogre_vendor/lib:/opt/ros/humble/lib/x86_64-linux-gnu:/opt/ros/humble/lib'), ('HOME', '/home/user'), ('OLDPWD', '/home/user/robocup_basketball_ws'), ('ROS_PYTHON_VERSION', '3'), ('LC_CTYPE', 'C.UTF-8'), ('ROS_DISTRO', 'humble'), ('_', '/usr/bin/colcon'), ('ROS_VERSION', '2'), ('TERM', 'dumb'), ('ROS_LOCALHOST_ONLY', '0'), ('PATH', '/opt/ros/humble/bin:/usr/local/bin:/usr/bin:/bin'), ('AMENT_PREFIX_PATH', '/home/user/robocup_basketball_ws/install/rb_msgs:/opt/ros/humble'), ('PWD', '/home/user/robocup_basketball_ws/build/rb_launcher'), ('PYTHONPATH', '/home/user/robocup_basketball_ws/install/rb_msgs/local/lib/python3.10/dist-packages:/opt/ros/humble/lib/python3.10/site-packages:/opt/ros/humble/local/lib/python3.10/dist-packages'), ('COLCON', '1'), ('CMAKE_PREFIX_PATH', '/home/user/robocup_basketball_ws/install/rb_msgs:/opt/ros/humble')]), 'shell': False}
[5.815521] (-) TimerEvent: {}
[5.819152] (rb_launcher) StdoutLine: {'line': b'Consolidate compiler generated dependencies of target serial_base_lib\n'}
[5.832934] (rb_launcher) StdoutLine: {'line': b'[ 33%] Built target serial_base_lib\n'}
[5.847065] (rb_launcher) StdoutLine: {'line': b'Consolidate compiler generated dependencies of target serial_R1_lib\n'}
[5.860236] (rb_launcher) StdoutLine: {'line': b'[ 66%] Built target serial_R1_lib\n'}
[5.872859] (rb_launcher) StdoutLine: {'line': b'Consolidate compiler generated dependencies of target rb_launcher_node\n'}
[5.889092] (rb_launcher) StdoutLine: {'line': b'[ 83%] Building CXX object CMakeFiles/rb_launcher_node.dir/src/rb_launcher_node.cpp.o\n'}
[5.915643] (-) TimerEvent: {}
[6.002450] (rb_localization) Command: {'cmd': ['/usr/bin/python3', '-W', 'ignore:setup.py install is deprecated', '-W', 'ignore:easy_install command is deprecated', 'setup.py', 'develop', '--editable', '--build-directory', '/home/user/robocup_basketball_ws/build/rb_localization/build', '--no-deps', 'symlink_data'], 'cwd': '/home/user/robocup_basketball_ws/build/rb_localization', 'env': {'SHLVL': '0', 'LD_LIBRARY_PATH': '/home/user/robocup_basketball_ws/install/rb_msgs/lib:/opt/ros/humble/opt/rviz_ogre_vendor/lib:/opt/ros/humble/lib/x86_64-linux-gnu:/opt/ros/humble/lib', 'HOME': '/home/user', 'OLDPWD': '/home/user/robocup_basketball_ws', 'ROS_PYTHON_VERSION': '3', 'LC_CTYPE': 'C.UTF-8', 'ROS_DISTRO': 'humble', '_': '/usr/bin/colcon', 'ROS_VERSION': '2', 'TERM': 'dumb', 'ROS_LOCALHOST_ONLY': '0', 'PATH': '/opt/ros/humble/bin:/usr/local/bin:/usr/bin:/bin', 'AMENT_PREFIX_PATH': '/home/user/robocup_basketball_ws/install/rb_msgs:/opt/ros/humble', 'PWD': '/home/user/robocup_basketball_ws/build/rb_localization', 'PYTHONPATH': '/home/user/robocup_basketball_ws/build/rb_localization/prefix_override:/usr/lib/python3/dist-packages/colcon_core/task/python/colcon_distutils_commands:/home/user/robocup_basketball_ws/install/rb_localization/lib/python3.10/site-packages:/home/user/robocup_basketball_ws/install/rb_msgs/local/lib/python3.10/dist-packages:/opt/ros/humble/lib/python3.10/site-packages:/opt/ros/humble/local/lib/python3.10/dist-packages', 'COLCON': '1', 'CMAKE_PREFIX_PATH': '/home/user/robocup_basketball_ws/install/rb_msgs'}, 'shell': False}
[6.005295] (rb_mission) Command: {'cmd': ['/usr/bin/python3', '-W', 'ignore:setup.py install is deprecated', '-W', 'ignore:easy_install command is deprecated', 'setup.py', 'develop', '--editable', '--build-directory', '/home/user/robocup_basketball_ws/build/rb_mission/build', '--no-deps', 'symlink_data'], 'cwd': '/home/user/robocup_basketball_ws/build/rb_mission', 'env': {'SHLVL': '0', 'LD_LIBRARY_PATH': '/home/user/robocup_basketball_ws/install/rb_msgs/lib:/opt/ros/humble/opt/rviz_ogre_vendor/lib:/opt/ros/humble/lib/x86_64-linux-gnu:/opt/ros/humble/lib', 'HOME': '/home/user', 'OLDPWD': '/home/user/robocup_basketball_ws', 'ROS_PYTHON_VERSION': '3', 'LC_CTYPE': 'C.UTF-8', 'ROS_DISTRO': 'humble', '_': '/usr/bin/colcon', 'ROS_VERSION': '2', 'TERM': 'dumb', 'ROS_LOCALHOST_ONLY': '0', 'PATH': '/opt/ros/humble/bin:/usr/local/bin:/usr/bin:/bin', 'AMENT_PREFIX_PATH': '/home/user/robocup_basketball_ws/install/rb_msgs:/opt/ros/humble', 'PWD': '/home/user/robocup_basketball_ws/build/rb_mission', 'PYTHONPATH': '/home/user/robocup_basketball_ws/build/rb_mission/prefix_override:/usr/lib/python3/dist-packages/colcon_core/task/python/colcon_distutils_commands:/home/user/robocup_basketball_ws/install/rb_mission/lib/python3.10/site-packages:/home/user/robocup_basketball_ws/install/rb_msgs/local/lib/python3.10/dist-packages:/opt/ros/humble/lib/python3.10/site-packages:/opt/ros/humble/local/lib/python3.10/dist-packages', 'COLCON': '1', 'CMAKE_PREFIX_PATH': '/home/user/robocup_basketball_ws/install/rb_msgs'}, 'shell': False}
[6.015785] (-) TimerEvent: {}
[6.019610] (rb_perception) Command: {'cmd': ['/usr/bin/python3', '-W', 'ignore:setup.py install is deprecated', '-W', 'ignore:easy_install command is deprecated', 'setup.py', 'develop', '--editable', '--build-directory', '/home/user/robocup_basketball_ws/build/rb_perception/build', '--no-deps', 'symlink_data'], 'cwd': '/home/user/robocup_basketball_ws/build/rb_perception', 'env': {'SHLVL': '0', 'LD_LIBRARY_PATH': '/home/user/robocup_basketball_ws/install/rb_msgs/lib:/opt/ros/humble/opt/rviz_ogre_vendor/lib:/opt/ros/humble/lib/x86_64-linux-gnu:/opt/ros/humble/lib', 'HOME': '/home/user', 'OLDPWD': '/home/user/robocup_basketball_ws', 'ROS_PYTHON_VERSION': '3', 'LC_CTYPE': 'C.UTF-8', 'ROS_DISTRO': 'humble', '_': '/usr/bin/colcon', 'ROS_VERSION': '2', 'TERM': 'dumb', 'ROS_LOCALHOST_ONLY': '0', 'PATH': '/opt/ros/humble/bin:/usr/local/bin:/usr/bin:/bin', 'AMENT_PREFIX_PATH': '/home/user/robocup_basketball_ws/install/rb_msgs:/opt/ros/humble', 'PWD': '/home/user/robocup_basketball_ws/build/rb_perception', 'PYTHONPATH': '/home/user/robocup_basketball_ws/build/rb_perception/prefix_override:/usr/lib/python3/dist-packages/colcon_core/task/python/colcon_distutils_commands:/home/user/robocup_basketball_ws/install/rb_perception/lib/python3.10/site-packages:/home/user/robocup_basketball_ws/install/rb_msgs/local/lib/python3.10/dist-packages:/opt/ros/humble/lib/python3.10/site-packages:/opt/ros/humble/local/lib/python3.10/dist-packages', 'COLCON': '1', 'CMAKE_PREFIX_PATH': '/home/user/robocup_basketball_ws/install/rb_msgs'}, 'shell': False}
[6.115936] (-) TimerEvent: {}
[6.173203] (rb_localization) StdoutLine: {'line': b'running develop\n'}
[6.173360] (rb_mission) StdoutLine: {'line': b'running develop\n'}
[6.210540] (rb_perception) StdoutLine: {'line': b'running develop\n'}
[6.216035] (-) TimerEvent: {}
[6.260670] (rb_mission) StdoutLine: {'line': b'running egg_info\n'}
[6.260805] (rb_mission) StdoutLine: {'line': b'creating rb_mission.egg-info\n'}
[6.260867] (rb_mission) StdoutLine: {'line': b'writing rb_mission.egg-info/PKG-INFO\n'}
[6.261027] (rb_mission) StdoutLine: {'line': b'writing dependency_links to rb_mission.egg-info/dependency_links.txt\n'}
[6.261084] (rb_mission) StdoutLine: {'line': b'writing entry points to rb_mission.egg-info/entry_points.txt\n'}
[6.261137] (rb_mission) StdoutLine: {'line': b'writing requirements to rb_mission.egg-info/requires.txt\n'}
[6.261188] (rb_mission) StdoutLine: {'line': b'writing top-level names to rb_mission.egg-info/top_level.txt\n'}
[6.261239] (rb_mission) StdoutLine: {'line': b"writing manifest file 'rb_mission.egg-info/SOURCES.txt'\n"}
[6.262070] (rb_mission) StdoutLine: {'line': b"reading manifest file 'rb_mission.egg-info/SOURCES.txt'\n"}
[6.262540] (rb_mission) StdoutLine: {'line': b"writing manifest file 'rb_mission.egg-info/SOURCES.txt'\n"}
[6.263421] (rb_mission) StdoutLine: {'line': b'running build_ext\n'}
[6.263497] (rb_mission) StdoutLine: {'line': b'Creating /home/user/robocup_basketball_ws/install/rb_mission/lib/python3.10/site-packages/rb-mission.egg-link (link to .)\n'}
[6.264362] (rb_mission) StdoutLine: {'line': b'Installing mission_node script to /home/user/robocup_basketball_ws/install/rb_mission/lib/rb_mission\n'}
[6.264424] (rb_mission) StdoutLine: {'line': b'\n'}
[6.264493] (rb_mission) StdoutLine: {'line': b'Installed /home/user/robocup_basketball_ws/build/rb_mission\n'}
[6.264551] (rb_mission) StdoutLine: {'line': b'running symlink_data\n'}
[6.264605] (rb_mission) StdoutLine: {'line': b'creating /home/user/robocup_basketball_ws/install/rb_mission/share/ament_index\n'}
[6.264659] (rb_mission) StdoutLine: {'line': b'creating /home/user/robocup_basketball_ws/install/rb_mission/share/ament_index/resource_index\n'}
[6.264716] (rb_mission) StdoutLine: {'line': b'creating /home/user/robocup_basketball_ws/install/rb_mission/share/ament_index/resource_index/packages\n'}
[6.264773] (rb_mission) StdoutLine: {'line': b'symbolically linking /home/user/robocup_basketball_ws/build/rb_mission/resource/rb_mission -> /home/user/robocup_basketball_ws/install/rb_mission/share/ament_index/resource_index/packages\n'}
[6.264829] (rb_mission) StdoutLine: {'line': b'symbolically linking /home/user/robocup_basketball_ws/build/rb_mission/package.xml -> /home/user/robocup_basketball_ws/install/rb_mission/share/rb_mission\n'}
[6.264884] (rb_mission) StdoutLine: {'line': b'creating /home/user/robocup_basketball_ws/install/rb_mission/share/rb_mission/launch\n'}
[6.264940] (rb_mission) StdoutLine: {'line': b'symbolically linking /home/user/robocup_basketball_ws/build/rb_mission/launch/mission.launch.py -> /home/user/robocup_basketball_ws/install/rb_mission/share/rb_mission/launch\n'}
[6.264995] (rb_mission) StdoutLine: {'line': b'creating /home/user/robocup_basketball_ws/install/rb_mission/share/rb_mission/config\n'}
[6.265048] (rb_mission) StdoutLine: {'line': b'symbolically linking /home/user/robocup_basketball_ws/build/rb_mission/config/mission.yaml -> /home/user/robocup_basketball_ws/install/rb_mission/share/rb_mission/config\n'}
[6.284046] (rb_mission) CommandEnded: {'returncode': 0}
[6.291543] (rb_mission) JobEnded: {'identifier': 'rb_mission', 'rc': 0}
[6.292721] (rb_perception) StdoutLine: {'line': b'running egg_info\n'}
[6.292866] (rb_perception) StdoutLine: {'line': b'creating rb_perception.egg-info\n'}
[6.292931] (rb_perception) StdoutLine: {'line': b'writing rb_perception.egg-info/PKG-INFO\n'}
[6.293052] (rb_perception) StdoutLine: {'line': b'writing dependency_links to rb_perception.egg-info/dependency_links.txt\n'}
[6.293110] (rb_perception) StdoutLine: {'line': b'writing entry points to rb_perception.egg-info/entry_points.txt\n'}
[6.293166] (rb_perception) StdoutLine: {'line': b'writing requirements to rb_perception.egg-info/requires.txt\n'}
[6.293222] (rb_perception) StdoutLine: {'line': b'writing top-level names to rb_perception.egg-info/top_level.txt\n'}
[6.293321] (rb_perception) StdoutLine: {'line': b"writing manifest file 'rb_perception.egg-info/SOURCES.txt'\n"}
[6.294072] (rb_perception) StdoutLine: {'line': b"reading manifest file 'rb_perception.egg-info/SOURCES.txt'\n"}
[6.294340] (rb_perception) StdoutLine: {'line': b"writing manifest file 'rb_perception.egg-info/SOURCES.txt'\n"}
[6.295116] (rb_perception) StdoutLine: {'line': b'running build_ext\n'}
[6.295221] (rb_perception) StdoutLine: {'line': b'Creating /home/user/robocup_basketball_ws/install/rb_perception/lib/python3.10/site-packages/rb-perception.egg-link (link to .)\n'}
[6.295591] (rb_perception) StdoutLine: {'line': b'Installing perception_node script to /home/user/robocup_basketball_ws/install/rb_perception/lib/rb_perception\n'}
[6.295959] (rb_perception) StdoutLine: {'line': b'\n'}
[6.296013] (rb_perception) StdoutLine: {'line': b'Installed /home/user/robocup_basketball_ws/build/rb_perception\n'}
[6.296064] (rb_perception) StdoutLine: {'line': b'running symlink_data\n'}
[6.296114] (rb_perception) StdoutLine: {'line': b'creating /home/user/robocup_basketball_ws/install/rb_perception/share/ament_index\n'}
[6.296166] (rb_perception) StdoutLine: {'line': b'creating /home/user/robocup_basketball_ws/install/rb_perception/share/ament_index/resource_index\n'}
[6.296217] (rb_perception) StdoutLine: {'line': b'creating /home/user/robocup_basketball_ws/install/rb_perception/share/ament_index/resource_index/packages\n'}
[6.296267] (rb_perception) StdoutLine: {'line': b'symbolically linking /home/user/robocup_basketball_ws/build/rb_perception/resource/rb_perception -> /home/user/robocup_basketball_ws/install/rb_perception/share/ament_index/resource_index/packages\n'}
[6.296319] (rb_perception) StdoutLine: {'line': b'symbolically linking /home/user/robocup_basketball_ws/build/rb_perception/package.xml -> /home/user/robocup_basketball_ws/install/rb_perception/share/rb_perception\n'}
[6.296370] (rb_perception) StdoutLine: {'line': b'creating /home/user/robocup_basketball_ws/install/rb_perception/share/rb_perception/launch\n'}
[6.296420] (rb_perception) StdoutLine: {'line': b'symbolically linking /home/user/robocup_basketball_ws/build/rb_perception/launch/perception.launch.py -> /home/user/robocup_basketball_ws/install/rb_perception/share/rb_perception/launch\n'}
[6.296482] (rb_perception) StdoutLine: {'line': b'creating /home/user/robocup_basketball_ws/install/rb_perception/share/rb_perception/config\n'}
[6.296534] (rb_perception) StdoutLine: {'line': b'symbolically linking /home/user/robocup_basketball_ws/build/rb_perception/config/perception.yaml -> /home/user/robocup_basketball_ws/install/rb_perception/share/rb_perception/config\n'}
[6.307207] (rb_localization) StdoutLine: {'line': b'running egg_info\n'}
[6.307309] (rb_localization) StdoutLine: {'line': b'creating rb_localization.egg-info\n'}
[6.307561] (rb_localization) StdoutLine: {'line': b'writing rb_localization.egg-info/PKG-INFO\n'}
[6.307620] (rb_localization) StdoutLine: {'line': b'writing dependency_links to rb_localization.egg-info/dependency_links.txt\n'}
[6.307672] (rb_localization) StdoutLine: {'line': b'writing entry points to rb_localization.egg-info/entry_points.txt\n'}
[6.307789] (rb_localization) StdoutLine: {'line': b'writing requirements to rb_localization.egg-info/requires.txt\n'}
[6.307840] (rb_localization) StdoutLine: {'line': b'writing top-level names to rb_localization.egg-info/top_level.txt\n'}
[6.307891] (rb_localization) StdoutLine: {'line': b"writing manifest file 'rb_localization.egg-info/SOURCES.txt'\n"}
[6.308978] (rb_localization) StdoutLine: {'line': b"reading manifest file 'rb_localization.egg-info/SOURCES.txt'\n"}
[6.309282] (rb_localization) StdoutLine: {'line': b"writing manifest file 'rb_localization.egg-info/SOURCES.txt'\n"}
[6.310233] (rb_localization) StdoutLine: {'line': b'running build_ext\n'}
[6.310341] (rb_localization) StdoutLine: {'line': b'Creating /home/user/robocup_basketball_ws/install/rb_localization/lib/python3.10/site-packages/rb-localization.egg-link (link to .)\n'}
[6.311287] (rb_localization) StdoutLine: {'line': b'Installing localization_node script to /home/user/robocup_basketball_ws/install/rb_localization/lib/rb_localization\n'}
[6.311371] (rb_localization) StdoutLine: {'line': b'\n'}
[6.311463] (rb_localization) StdoutLine: {'line': b'Installed /home/user/robocup_basketball_ws/build/rb_localization\n'}
[6.311536] (rb_localization) StdoutLine: {'line': b'running symlink_data\n'}
[6.311695] (rb_localization) StdoutLine: {'line': b'creating /home/user/robocup_basketball_ws/install/rb_localization/share/ament_index\n'}
[6.311765] (rb_localization) StdoutLine: {'line': b'creating /home/user/robocup_basketball_ws/install/rb_localization/share/ament_index/resource_index\n'}
[6.311828] (rb_localization) StdoutLine: {'line': b'creating /home/user/robocup_basketball_ws/install/rb_localization/share/ament_index/resource_index/packages\n'}
[6.311887] (rb_localization) StdoutLine: {'line': b'symbolically linking /home/user/robocup_basketball_ws/build/rb_localization/resource/rb_localization -> /home/user/robocup_basketball_ws/install/rb_localization/share/ament_index/resource_index/packages\n'}
[6.311939] (rb_localization) StdoutLine: {'line': b'symbolically linking /home/user/robocup_basketball_ws/build/rb_localization/package.xml -> /home/user/robocup_basketball_ws/install/rb_localization/share/rb_localization\n'}
[6.311990] (rb_localization) StdoutLine: {'line': b'creating /home/user/robocup_basketball_ws/install/rb_localization/share/rb_localization/launch\n'}
[6.312039] (rb_localization) StdoutLine: {'line': b'symbolically linking /home/user/robocup_basketball_ws/build/rb_localization/launch/localization.launch.py -> /home/user/robocup_basketball_ws/install/rb_localization/share/rb_localization/launch\n'}
[6.312091] (rb_localization) StdoutLine: {'line': b'creating /home/user/robocup_basketball_ws/install/rb_localization/share/rb_localization/config\n'}
[6.312141] (rb_localization) StdoutLine: {'line': b'symbolically linking /home/user/robocup_basketball_ws/build/rb_localization/config/localization.yaml -> /home/user/robocup_basketball_ws/install/rb_localization/share/rb_localization/config\n'}
[6.314029] (rb_perception) CommandEnded: {'returncode': 0}
[6.316365] (-) TimerEvent: {}
[6.318711] (rb_perception) JobEnded: {'identifier': 'rb_perception', 'rc': 0}
[6.330832] (rb_localization) CommandEnded: {'returncode': 0}
[6.334938] (rb_localization) JobEnded: {'identifier': 'rb_localization', 'rc': 0}
[6.416559] (-) TimerEvent: {}
[6.516850] (-) TimerEvent: {}
[6.617141] (-) TimerEvent: {}
[6.717446] (-) TimerEvent: {}
[6.817636] (-) TimerEvent: {}
[6.917809] (-) TimerEvent: {}
[7.018105] (-) TimerEvent: {}
[7.118275] (-) TimerEvent: {}
[7.218574] (-) TimerEvent: {}
[7.318745] (-) TimerEvent: {}
[7.419047] (-) TimerEvent: {}
[7.519253] (-) TimerEvent: {}
[7.619556] (-) TimerEvent: {}
[7.719758] (-) TimerEvent: {}
[7.820065] (-) TimerEvent: {}
[7.920353] (-) TimerEvent: {}
[8.020634] (-) TimerEvent: {}
[8.120803] (-) TimerEvent: {}
[8.221003] (-) TimerEvent: {}
[8.321293] (-) TimerEvent: {}
[8.421592] (-) TimerEvent: {}
[8.521890] (-) TimerEvent: {}
[8.622183] (-) TimerEvent: {}
[8.722483] (-) TimerEvent: {}
[8.822654] (-) TimerEvent: {}
[8.922951] (-) TimerEvent: {}
[9.023257] (-) TimerEvent: {}
[9.123526] (-) TimerEvent: {}
[9.223867] (-) TimerEvent: {}
[9.324069] (-) TimerEvent: {}
[9.424324] (-) TimerEvent: {}
[9.524513] (-) TimerEvent: {}
[9.624738] (-) TimerEvent: {}
[9.724971] (-) TimerEvent: {}
[9.825164] (-) TimerEvent: {}
[9.877360] (rb_launcher) StdoutLine: {'line': b'[100%] Linking CXX executable rb_launcher_node\n'}
[9.925265] (-) TimerEvent: {}
[10.025458] (-) TimerEvent: {}
[10.049335] (rb_launcher) StdoutLine: {'line': b'[100%] Built target rb_launcher_node\n'}
[10.064124] (rb_launcher) CommandEnded: {'returncode': 0}
[10.064725] (rb_launcher) JobProgress: {'identifier': 'rb_launcher', 'progress': 'install'}
[10.064959] (rb_launcher) Command: {'cmd': ['/usr/bin/cmake', '--install', '/home/user/robocup_basketball_ws/build/rb_launcher'], 'cwd': '/home/user/robocup_basketball_ws/build/rb_launcher', 'env': OrderedDict([('SHLVL', '0'), ('LD_LIBRARY_PATH', '/home/user/robocup_basketball_ws/install/rb_msgs/lib:/opt/ros/humble/opt/rviz_ogre_vendor/lib:/opt/ros/humble/lib/x86_64-linux-gnu:/opt/ros/humble/lib'), ('HOME', '/home/user'), ('OLDPWD', '/home/user/robocup_basketball_ws'), ('ROS_PYTHON_VERSION', '3'), ('LC_CTYPE', 'C.UTF-8'), ('ROS_DISTRO', 'humble'), ('_', '/usr/bin/colcon'), ('ROS_VERSION', '2'), ('TERM', 'dumb'), ('ROS_LOCALHOST_ONLY', '0'), ('PATH', '/opt/ros/humble/bin:/usr/local/bin:/usr/bin:/bin'), ('AMENT_PREFIX_PATH', '/home/user/robocup_basketball_ws/install/rb_msgs:/opt/ros/humble'), ('PWD', '/home/user/robocup_basketball_ws/build/rb_launcher'), ('PYTHONPATH', '/home/user/robocup_basketball_ws/install/rb_msgs/local/lib/python3.10/dist-packages:/opt/ros/humble/lib/python3.10/site-packages:/opt/ros/humble/local/lib/python3.10/dist-packages'), ('COLCON', '1'), ('CMAKE_PREFIX_PATH', '/home/user/robocup_basketball_ws/install/rb_msgs:/opt/ros/humble')]), 'shell': False}
[10.072468] (rb_launcher) StdoutLine: {'line': b'-- Install configuration: ""\n'}
[10.072953] (rb_launcher) StdoutLine: {'line': b'-- Execute custom install script\n'}
[10.073111] (rb_launcher) StdoutLine: {'line': b'-- Symlinking: /home/user/robocup_basketball_ws/install/rb_launcher/lib/rb_launcher/rb_launcher_node\n'}
[10.081046] (rb_launcher) StdoutLine: {'line': b'-- Symlinking: /home/user/robocup_basketball_ws/install/rb_launcher/include/serial_port/serial_port.hpp\n'}
[10.088301] (rb_launcher) StdoutLine: {'line': b'-- Symlinking: /home/user/robocup_basketball_ws/install/rb_launcher/include/serial_port/serial_port_R1.hpp\n'}
[10.096143] (rb_launcher) StdoutLine: {'line': b'-- Symlinking: /home/user/robocup_basketball_ws/install/rb_launcher/include/utils/message.hpp\n'}
[10.103429] (rb_launcher) StdoutLine: {'line': b'-- Symlinking: /home/user/robocup_basketball_ws/install/rb_launcher/share/rb_launcher/launch/launcher.launch.py\n'}
[10.108786] (rb_launcher) StdoutLine: {'line': b'-- Symlinking: /home/user/robocup_basketball_ws/install/rb_launcher/share/rb_launcher/config/launcher.yaml\n'}
[10.115052] (rb_launcher) StdoutLine: {'line': b'-- Symlinking: /home/user/robocup_basketball_ws/install/rb_launcher/share/ament_index/resource_index/package_run_dependencies/rb_launcher\n'}
[10.121757] (rb_launcher) StdoutLine: {'line': b'-- Symlinking: /home/user/robocup_basketball_ws/install/rb_launcher/share/ament_index/resource_index/parent_prefix_path/rb_launcher\n'}
[10.125566] (-) TimerEvent: {}
[10.129280] (rb_launcher) StdoutLine: {'line': b'-- Symlinking: /home/user/robocup_basketball_ws/install/rb_launcher/share/rb_launcher/environment/ament_prefix_path.sh\n'}
[10.136274] (rb_launcher) StdoutLine: {'line': b'-- Symlinking: /home/user/robocup_basketball_ws/install/rb_launcher/share/rb_launcher/environment/ament_prefix_path.dsv\n'}
[10.143981] (rb_launcher) StdoutLine: {'line': b'-- Symlinking: /home/user/robocup_basketball_ws/install/rb_launcher/share/rb_launcher/environment/path.sh\n'}
[10.151233] (rb_launcher) StdoutLine: {'line': b'-- Symlinking: /home/user/robocup_basketball_ws/install/rb_launcher/share/rb_launcher/environment/path.dsv\n'}
[10.156540] (rb_launcher) StdoutLine: {'line': b'-- Symlinking: /home/user/robocup_basketball_ws/install/rb_launcher/share/rb_launcher/local_setup.bash\n'}
[10.163365] (rb_launcher) StdoutLine: {'line': b'-- Symlinking: /home/user/robocup_basketball_ws/install/rb_launcher/share/rb_launcher/local_setup.sh\n'}
[10.170146] (rb_launcher) StdoutLine: {'line': b'-- Symlinking: /home/user/robocup_basketball_ws/install/rb_launcher/share/rb_launcher/local_setup.zsh\n'}
[10.177609] (rb_launcher) StdoutLine: {'line': b'-- Symlinking: /home/user/robocup_basketball_ws/install/rb_launcher/share/rb_launcher/local_setup.dsv\n'}
[10.183467] (rb_launcher) StdoutLine: {'line': b'-- Symlinking: /home/user/robocup_basketball_ws/install/rb_launcher/share/rb_launcher/package.dsv\n'}
[10.188931] (rb_launcher) StdoutLine: {'line': b'-- Symlinking: /home/user/robocup_basketball_ws/install/rb_launcher/share/ament_index/resource_index/packages/rb_launcher\n'}
[10.196554] (rb_launcher) StdoutLine: {'line': b'-- Symlinking: /home/user/robocup_basketball_ws/install/rb_launcher/share/rb_launcher/cmake/ament_cmake_export_include_directories-extras.cmake\n'}
[10.203175] (rb_launcher) StdoutLine: {'line': b'-- Symlinking: /home/user/robocup_basketball_ws/install/rb_launcher/share/rb_launcher/cmake/rb_launcherConfig.cmake\n'}
[10.210880] (rb_launcher) StdoutLine: {'line': b'-- Symlinking: /home/user/robocup_basketball_ws/install/rb_launcher/share/rb_launcher/cmake/rb_launcherConfig-version.cmake\n'}
[10.216112] (rb_launcher) StdoutLine: {'line': b'-- Symlinking: /home/user/robocup_basketball_ws/install/rb_launcher/share/rb_launcher/package.xml\n'}
[10.222635] (rb_launcher) CommandEnded: {'returncode': 0}
[10.226045] (-) TimerEvent: {}
[10.238962] (rb_launcher) JobEnded: {'identifier': 'rb_launcher', 'rc': 0}
[10.239698] (rb_bringup) JobStarted: {'identifier': 'rb_bringup'}
[10.249271] (rb_bringup) JobProgress: {'identifier': 'rb_bringup', 'progress': 'cmake'}
[10.249723] (rb_bringup) Command: {'cmd': ['/usr/bin/cmake', '/home/user/robocup_basketball_ws/src/rb_bringup', '-DAMENT_CMAKE_SYMLINK_INSTALL=1', '-DCMAKE_INSTALL_PREFIX=/home/user/robocup_basketball_ws/install/rb_bringup'], 'cwd': '/home/user/robocup_basketball_ws/build/rb_bringup', 'env': OrderedDict([('SHLVL', '0'), ('LD_LIBRARY_PATH', '/home/user/robocup_basketball_ws/install/rb_msgs/lib:/home/user/robocup_basketball_ws/install/rb_chassis/lib:/opt/ros/humble/opt/rviz_ogre_vendor/lib:/opt/ros/humble/lib/x86_64-linux-gnu:/opt/ros/humble/lib'), ('HOME', '/home/user'), ('OLDPWD', '/home/user/robocup_basketball_ws'), ('ROS_PYTHON_VERSION', '3'), ('LC_CTYPE', 'C.UTF-8'), ('ROS_DISTRO', 'humble'), ('_', '/usr/bin/colcon'), ('ROS_VERSION', '2'), ('TERM', 'dumb'), ('ROS_LOCALHOST_ONLY', '0'), ('PATH', '/opt/ros/humble/bin:/usr/local/bin:/usr/bin:/bin'), ('AMENT_PREFIX_PATH', '/home/user/robocup_basketball_ws/install/rb_perception:/home/user/robocup_basketball_ws/install/rb_mission:/home/user/robocup_basketball_ws/install/rb_localization:/home/user/robocup_basketball_ws/install/rb_launcher:/home/user/robocup_basketball_ws/install/rb_msgs:/home/user/robocup_basketball_ws/install/rb_chassis:/opt/ros/humble'), ('PWD', '/home/user/robocup_basketball_ws/build/rb_bringup'), ('PYTHONPATH', '/home/user/robocup_basketball_ws/build/rb_perception:/home/user/robocup_basketball_ws/install/rb_perception/lib/python3.10/site-packages:/home/user/robocup_basketball_ws/build/rb_mission:/home/user/robocup_basketball_ws/install/rb_mission/lib/python3.10/site-packages:/home/user/robocup_basketball_ws/build/rb_localization:/home/user/robocup_basketball_ws/install/rb_localization/lib/python3.10/site-packages:/home/user/robocup_basketball_ws/install/rb_msgs/local/lib/python3.10/dist-packages:/opt/ros/humble/lib/python3.10/site-packages:/opt/ros/humble/local/lib/python3.10/dist-packages'), ('COLCON', '1'), ('CMAKE_PREFIX_PATH', '/home/user/robocup_basketball_ws/install/rb_launcher:/home/user/robocup_basketball_ws/install/rb_msgs:/home/user/robocup_basketball_ws/install/rb_chassis:/opt/ros/humble')]), 'shell': False}
[10.293046] (rb_bringup) StdoutLine: {'line': b'-- The C compiler identification is GNU 11.4.0\n'}
[10.326219] (-) TimerEvent: {}
[10.336177] (rb_bringup) StdoutLine: {'line': b'-- The CXX compiler identification is GNU 11.4.0\n'}
[10.340585] (rb_bringup) StdoutLine: {'line': b'-- Detecting C compiler ABI info\n'}
[10.392312] (rb_bringup) StdoutLine: {'line': b'-- Detecting C compiler ABI info - done\n'}
[10.397615] (rb_bringup) StdoutLine: {'line': b'-- Check for working C compiler: /usr/bin/cc - skipped\n'}
[10.397738] (rb_bringup) StdoutLine: {'line': b'-- Detecting C compile features\n'}
[10.397875] (rb_bringup) StdoutLine: {'line': b'-- Detecting C compile features - done\n'}
[10.399674] (rb_bringup) StdoutLine: {'line': b'-- Detecting CXX compiler ABI info\n'}
[10.426351] (-) TimerEvent: {}
[10.460766] (rb_bringup) StdoutLine: {'line': b'-- Detecting CXX compiler ABI info - done\n'}
[10.468235] (rb_bringup) StdoutLine: {'line': b'-- Check for working CXX compiler: /usr/bin/c++ - skipped\n'}
[10.468363] (rb_bringup) StdoutLine: {'line': b'-- Detecting CXX compile features\n'}
[10.468565] (rb_bringup) StdoutLine: {'line': b'-- Detecting CXX compile features - done\n'}
[10.469680] (rb_bringup) StdoutLine: {'line': b'-- Found ament_cmake: 1.3.11 (/opt/ros/humble/share/ament_cmake/cmake)\n'}
[10.526528] (-) TimerEvent: {}
[10.578880] (rb_bringup) StdoutLine: {'line': b'-- Found Python3: /usr/bin/python3 (found version "3.10.12") found components: Interpreter \n'}
[10.618791] (rb_bringup) StdoutLine: {'line': b'-- Override CMake install command with custom implementation using symlinks instead of copying resources\n'}
[10.626639] (-) TimerEvent: {}
[10.673365] (rb_bringup) StdoutLine: {'line': b'-- Configuring done\n'}
[10.674507] (rb_bringup) StdoutLine: {'line': b'-- Generating done\n'}
[10.675533] (rb_bringup) StdoutLine: {'line': b'-- Build files have been written to: /home/user/robocup_basketball_ws/build/rb_bringup\n'}
[10.680363] (rb_bringup) CommandEnded: {'returncode': 0}
[10.680639] (rb_bringup) JobProgress: {'identifier': 'rb_bringup', 'progress': 'build'}
[10.680662] (rb_bringup) Command: {'cmd': ['/usr/bin/cmake', '--build', '/home/user/robocup_basketball_ws/build/rb_bringup', '--', '-j16', '-l16'], 'cwd': '/home/user/robocup_basketball_ws/build/rb_bringup', 'env': OrderedDict([('SHLVL', '0'), ('LD_LIBRARY_PATH', '/home/user/robocup_basketball_ws/install/rb_msgs/lib:/home/user/robocup_basketball_ws/install/rb_chassis/lib:/opt/ros/humble/opt/rviz_ogre_vendor/lib:/opt/ros/humble/lib/x86_64-linux-gnu:/opt/ros/humble/lib'), ('HOME', '/home/user'), ('OLDPWD', '/home/user/robocup_basketball_ws'), ('ROS_PYTHON_VERSION', '3'), ('LC_CTYPE', 'C.UTF-8'), ('ROS_DISTRO', 'humble'), ('_', '/usr/bin/colcon'), ('ROS_VERSION', '2'), ('TERM', 'dumb'), ('ROS_LOCALHOST_ONLY', '0'), ('PATH', '/opt/ros/humble/bin:/usr/local/bin:/usr/bin:/bin'), ('AMENT_PREFIX_PATH', '/home/user/robocup_basketball_ws/install/rb_perception:/home/user/robocup_basketball_ws/install/rb_mission:/home/user/robocup_basketball_ws/install/rb_localization:/home/user/robocup_basketball_ws/install/rb_launcher:/home/user/robocup_basketball_ws/install/rb_msgs:/home/user/robocup_basketball_ws/install/rb_chassis:/opt/ros/humble'), ('PWD', '/home/user/robocup_basketball_ws/build/rb_bringup'), ('PYTHONPATH', '/home/user/robocup_basketball_ws/build/rb_perception:/home/user/robocup_basketball_ws/install/rb_perception/lib/python3.10/site-packages:/home/user/robocup_basketball_ws/build/rb_mission:/home/user/robocup_basketball_ws/install/rb_mission/lib/python3.10/site-packages:/home/user/robocup_basketball_ws/build/rb_localization:/home/user/robocup_basketball_ws/install/rb_localization/lib/python3.10/site-packages:/home/user/robocup_basketball_ws/install/rb_msgs/local/lib/python3.10/dist-packages:/opt/ros/humble/lib/python3.10/site-packages:/opt/ros/humble/local/lib/python3.10/dist-packages'), ('COLCON', '1'), ('CMAKE_PREFIX_PATH', '/home/user/robocup_basketball_ws/install/rb_launcher:/home/user/robocup_basketball_ws/install/rb_msgs:/home/user/robocup_basketball_ws/install/rb_chassis:/opt/ros/humble')]), 'shell': False}
[10.709396] (rb_bringup) CommandEnded: {'returncode': 0}
[10.710003] (rb_bringup) JobProgress: {'identifier': 'rb_bringup', 'progress': 'install'}
[10.710205] (rb_bringup) Command: {'cmd': ['/usr/bin/cmake', '--install', '/home/user/robocup_basketball_ws/build/rb_bringup'], 'cwd': '/home/user/robocup_basketball_ws/build/rb_bringup', 'env': OrderedDict([('SHLVL', '0'), ('LD_LIBRARY_PATH', '/home/user/robocup_basketball_ws/install/rb_msgs/lib:/home/user/robocup_basketball_ws/install/rb_chassis/lib:/opt/ros/humble/opt/rviz_ogre_vendor/lib:/opt/ros/humble/lib/x86_64-linux-gnu:/opt/ros/humble/lib'), ('HOME', '/home/user'), ('OLDPWD', '/home/user/robocup_basketball_ws'), ('ROS_PYTHON_VERSION', '3'), ('LC_CTYPE', 'C.UTF-8'), ('ROS_DISTRO', 'humble'), ('_', '/usr/bin/colcon'), ('ROS_VERSION', '2'), ('TERM', 'dumb'), ('ROS_LOCALHOST_ONLY', '0'), ('PATH', '/opt/ros/humble/bin:/usr/local/bin:/usr/bin:/bin'), ('AMENT_PREFIX_PATH', '/home/user/robocup_basketball_ws/install/rb_perception:/home/user/robocup_basketball_ws/install/rb_mission:/home/user/robocup_basketball_ws/install/rb_localization:/home/user/robocup_basketball_ws/install/rb_launcher:/home/user/robocup_basketball_ws/install/rb_msgs:/home/user/robocup_basketball_ws/install/rb_chassis:/opt/ros/humble'), ('PWD', '/home/user/robocup_basketball_ws/build/rb_bringup'), ('PYTHONPATH', '/home/user/robocup_basketball_ws/build/rb_perception:/home/user/robocup_basketball_ws/install/rb_perception/lib/python3.10/site-packages:/home/user/robocup_basketball_ws/build/rb_mission:/home/user/robocup_basketball_ws/install/rb_mission/lib/python3.10/site-packages:/home/user/robocup_basketball_ws/build/rb_localization:/home/user/robocup_basketball_ws/install/rb_localization/lib/python3.10/site-packages:/home/user/robocup_basketball_ws/install/rb_msgs/local/lib/python3.10/dist-packages:/opt/ros/humble/lib/python3.10/site-packages:/opt/ros/humble/local/lib/python3.10/dist-packages'), ('COLCON', '1'), ('CMAKE_PREFIX_PATH', '/home/user/robocup_basketball_ws/install/rb_launcher:/home/user/robocup_basketball_ws/install/rb_msgs:/home/user/robocup_basketball_ws/install/rb_chassis:/opt/ros/humble')]), 'shell': False}
[10.716039] (rb_bringup) StdoutLine: {'line': b'-- Install configuration: ""\n'}
[10.716256] (rb_bringup) StdoutLine: {'line': b'-- Execute custom install script\n'}
[10.716427] (rb_bringup) StdoutLine: {'line': b'-- Symlinking: /home/user/robocup_basketball_ws/install/rb_bringup/share/rb_bringup/launch/bringup_full.launch.py\n'}
[10.723556] (rb_bringup) StdoutLine: {'line': b'-- Symlinking: /home/user/robocup_basketball_ws/install/rb_bringup/share/rb_bringup/launch/bringup_offline.launch.py\n'}
[10.726832] (-) TimerEvent: {}
[10.729930] (rb_bringup) StdoutLine: {'line': b'-- Symlinking: /home/user/robocup_basketball_ws/install/rb_bringup/share/ament_index/resource_index/package_run_dependencies/rb_bringup\n'}
[10.735542] (rb_bringup) StdoutLine: {'line': b'-- Symlinking: /home/user/robocup_basketball_ws/install/rb_bringup/share/ament_index/resource_index/parent_prefix_path/rb_bringup\n'}
[10.739949] (rb_bringup) StdoutLine: {'line': b'-- Symlinking: /home/user/robocup_basketball_ws/install/rb_bringup/share/rb_bringup/environment/ament_prefix_path.sh\n'}
[10.747120] (rb_bringup) StdoutLine: {'line': b'-- Symlinking: /home/user/robocup_basketball_ws/install/rb_bringup/share/rb_bringup/environment/ament_prefix_path.dsv\n'}
[10.751985] (rb_bringup) StdoutLine: {'line': b'-- Symlinking: /home/user/robocup_basketball_ws/install/rb_bringup/share/rb_bringup/environment/path.sh\n'}
[10.759130] (rb_bringup) StdoutLine: {'line': b'-- Symlinking: /home/user/robocup_basketball_ws/install/rb_bringup/share/rb_bringup/environment/path.dsv\n'}
[10.766080] (rb_bringup) StdoutLine: {'line': b'-- Symlinking: /home/user/robocup_basketball_ws/install/rb_bringup/share/rb_bringup/local_setup.bash\n'}
[10.773062] (rb_bringup) StdoutLine: {'line': b'-- Symlinking: /home/user/robocup_basketball_ws/install/rb_bringup/share/rb_bringup/local_setup.sh\n'}
[10.778939] (rb_bringup) StdoutLine: {'line': b'-- Symlinking: /home/user/robocup_basketball_ws/install/rb_bringup/share/rb_bringup/local_setup.zsh\n'}
[10.783979] (rb_bringup) StdoutLine: {'line': b'-- Symlinking: /home/user/robocup_basketball_ws/install/rb_bringup/share/rb_bringup/local_setup.dsv\n'}
[10.790819] (rb_bringup) StdoutLine: {'line': b'-- Symlinking: /home/user/robocup_basketball_ws/install/rb_bringup/share/rb_bringup/package.dsv\n'}
[10.796390] (rb_bringup) StdoutLine: {'line': b'-- Symlinking: /home/user/robocup_basketball_ws/install/rb_bringup/share/ament_index/resource_index/packages/rb_bringup\n'}
[10.803541] (rb_bringup) StdoutLine: {'line': b'-- Symlinking: /home/user/robocup_basketball_ws/install/rb_bringup/share/rb_bringup/cmake/rb_bringupConfig.cmake\n'}
[10.809329] (rb_bringup) StdoutLine: {'line': b'-- Symlinking: /home/user/robocup_basketball_ws/install/rb_bringup/share/rb_bringup/cmake/rb_bringupConfig-version.cmake\n'}
[10.816583] (rb_bringup) StdoutLine: {'line': b'-- Symlinking: /home/user/robocup_basketball_ws/install/rb_bringup/share/rb_bringup/package.xml\n'}
[10.822911] (rb_bringup) CommandEnded: {'returncode': 0}
[10.827007] (-) TimerEvent: {}
[10.829828] (rb_bringup) JobEnded: {'identifier': 'rb_bringup', 'rc': 0}
[10.830105] (-) EventReactorShutdown: {}
